ID	위치	구분	화자	원문	번역
00001	090B:0:0	대사	87	AHOY THERE! I'M CAP'N BLUBBER, AN' I LOST ME TREASURE WHEN ME SHIP CRASHED.	
00002	090B:0:2	대사	87	ARRR...BUT I CAN'T SWIM! CAN YE HELP AN OLD SEA HIPPO?	
00003	090B:1:1	대사	82	WELL GO FIND IT THEN, BLUBBER GUTS!	
00004	090B:1:3	대사	80	SURE, WE'LL FIND IT FOR YOU.	
00005	090C:0:0	대사	87	AYE...THAT BE HALF O' ME GOLD!	
00006	090D:0:0	대사	87	ME TREASURE! THANK YE ME HEARTIES, TAKE THIS REWARD!	
00007	090D:0:2	대사	87	I'M OFF TER SPEND, SPEND, SPEND!	
00008	090E:0:0	대사	88	HEY! THIS NIPPER'S BEACH, YOU FIND NOTHING WITHOUT NIPPER'S HELP.	
00009	090E:0:2	대사	88	GRRR...CHEEKY BIRD NEED FEATHERS CLIPPING!	
00010	090E:1:1	대사	82	HELP US THEN CRUSTACEAN BRAIN!	
00011	090E:1:3	대사	82	OH YEAH? JUST TRY IT, SHELL HEAD!	
00012	090F:0:0	대사	88	FEEBLE EGGS NO MATCH FOR NIPPER'S SHELL ARMOR!	
00013	0910:0:0	대사	88	RARRRR! YOU HURT NIPPER, MAKES ME MAD!	
00014	0911:0:0	대사	88	TAKE THAT, BIG-MOUTHED BIRD!	
00015	0912:0:0	대사	CD	HEY FURBALL, YOU'RE LOOKING WISE,	
00016	0912:0:1	대사	CD	SOLVE MY PUZZLE AND WIN A PRIZE!	
00017	0913:0:0	대사	CD	THE GATE OPENS TO REVEAL YOUR PRIZE,	
00018	0913:0:1	대사	CD	BUT FIRST I'LL CUT YOU DOWN TO SIZE!	
00019	0914:0:0	대사	AA	LOOK...NICE SNACKS FOR YUM-YUM!	
00020	0915:0:0	대사	DB	THIS BE GRUNTILDA'S BOOTY! TOUCH IT IF YOU DARE...	
00021	0916:0:0	대사	B5	THAT GOLDEN TREASURE WAS FOR ME,	
00022	0916:0:1	대사	B5	NOW HARDER STILL THE GAME WILL BE!	
00023	0917:0:0	대사	AB	YIKES! PLEASE OPEN ME GENTLY...	
00024	0918:0:0	대사	AB	FOLLOW THE CLUES IF YOU'RE LOOKING FOR GOLD!	
00025	0919:0:0	대사	AB	HAH! YOU'LL NEVER FIND ME NOW!	
00026	091A:0:0	대사	AC	ME LEAKY, NO GOOD FOR WATER. CAN BEAR BLOCK HOLE WITH PEBBLE?	
00027	091B:0:0	대사	AF	SNACKER SMELLS TASTY DINNER, STAY JUST THERE!	
00028	091C:0:0	대사	AF	YIPPEE! SNACKER GETS DESSERT TOO!	
00029	091D:0:0	대사	AF	AHH... CHEESE AND CRACKERS - JUST WAIT THERE!	
00030	091E:0:0	대사	AF	COFFEE AND MINTS? I'LL BE RIGHT OVER!	
00031	091F:0:0	대사	83	YOU'LL REACH NEW HEIGHTS WITH MY SHOCK JUMP SPRING!	
00032	091F:0:2	대사	83	DON'T WORRY, THE TURKEY DOES ALL THE WORK. SIMPLY STAND ON A SHOCK JUMP DISC, THEN PRESS AND HOLD A.	
00033	091F:1:1	대사	80	DOES KAZOOIE DO IT? MY LEGS ARE TIRED...	
00034	0920:0:0	대사	83	THIS IS YOUR BIG CHANCE CHICKEN LEGS, IT'S TIME FOR YOU TO FLY!	
00035	0920:0:2	대사	83	SIMPLE ENOUGH EVEN FOR YOU, BIRD BRAIN. JUST STAND ON A FLYING DISC, AND PRESS A.	
00036	0920:0:3	대사	83	HERE'S 25 RED FEATHERS TO HELP YOU INTO THE AIR!	
00037	0920:0:5	대사	83	SEE YOU!	
00038	0920:1:1	대사	81	AT LAST! IT BETTER BE EASY, BOGEYES!	
00039	0921:0:0	대사	9F	AHOY THERE! I BE BLUBBER'S TREASURE!	
00040	0922:0:0	대사	83	KAZOOIE CAN TAKE TO THE AIR BY STANDING ON A FLYING DISC, THEN PRESSING A.	
00041	0923:0:0	대사	83	YOU CAN LEAP REALLY HIGH WITH THE SHOCK JUMP SPRING. STAND ON A SHOCK JUMP DISC, THEN PRESS AND HOLD A.	
00042	0924:0:0	대사	83	THIS IS KAZOOIE'S SHOCK JUMP DISC, FIND ME AND I'LL TELL YOU HOW TO USE IT!	
00043	0925:0:0	대사	83	THIS IS A FLYING DISC, BUT YOU'LL HAVE TO FIND MY MOLEHILL BEFORE YOU CAN USE IT!	
00044	0926:0:0	대사	83	TO FLY HIGHER, YOU'LL NEED SOME RED FEATHERS. PRESS A TO USE ONE, BUT REMEMBER THAT BEAKY CAN ONLY CARRY 50 OF THEM!	
00045	0927:0:0	대사	83	NICE GOING, YOU'VE LEARNED ALL THE COVE'S NEW MOVES!	
00046	0928:0:0	대사	AC	LEAKY PATCHED UP. NOW EMPTY WATER FOR BEAR!	
00047	0929:0:0	대사	AF	MMMM...LOVELY!	
00048	092A:0:0	대사	87	ME TREASURE! THANK YE ME HEARTIES, I'M OFF TER SPEND, SPEND, SPEND!	
00049	092B:0:0	대사	90	HELLO MY FRIEND! I AM RUBEE, CAN I BE OF SOME HELP, NO?	
00050	092B:0:2	대사	90	VERY GOOD, I SEE SOME UP THERE. IT'S YOURS IF YOU CAN GET IT, YES?	
00051	092B:1:1	대사	82	WE'RE LOOKING FOR TREASURE, PIPE BOY!	
00052	092C:0:0	대사	90	AHHH...A THOUSAND THANKS! MY FRIEND HISTUP WILL NOW HELP YOU WITH YOUR QUEST!	
00053	092D:0:0	대사	8F	TRUNKER WANTS RAIN...GASP...I'M SHRIVELING UP!	
00054	092D:0:2	대사	8F	NO...COUGH...NEED WATER...HELP!	
00055	092D:1:1	대사	82	HOW'S YOUR NUTS, BARK BREATH?	
00056	092D:1:2	대사	80	KAZOOIE! WILL EGGS AND FEATHERS HELP?	
00057	092E:0:0	대사	8F	AHHH...LOVELY WATER! TRUNKER FEELS GREAT!	
00058	092F:0:0	대사	91	PANT...IT'S TOO HOT FOR GOBI, I NEED SOME SHADE. PLEASE HELP ME!	
00059	0930:0:0	대사	91	HERE'S YOUR REWARD BEAR, GOBI'S OFF TO COOL DOWN.	
00060	0931:0:0	대사	91	THIS TREE LOOKS A BIT THIRSTY, BUT I NEED ALL MY WATER FOR MYSELF...	
00061	0932:0:0	대사	91	OI! MY PRECIOUS WATER.	
00062	0933:0:0	대사	91	BAH...THAT'S IT! I'M LEAVING THIS DESERT TO FIND SOME PEACE AND QUIET!	
00063	0934:0:0	대사	92	GRABBA'S GOT A JIGGY, NER...NER...NER...NER!	
00064	0935:0:0	대사	92	NOOOO! I'VE HAD THAT A THOUSAND YEARS, WELL DONE MORTAL!	
00065	0936:0:0	대사	92	BEAR'S TOO SLOW, NER...NER...NER...NER!	
00066	0937:0:0	대사	B0	BY DOSE IS ALL BLOCKED UP!	
00067	0938:0:0	대사	B0	HEY! DAT TICKLES!	
00068	0939:0:0	대사	B0	AHHH...THAT CLEARED JINXY'S NOSE. COME ON IN!	
00069	093A:0:0	대사	B1	ONLY WE SAND EELS CAN SURVIVE IN HERE!	
00070	093B:0:0	대사	B3	SUMMON ALL THE HIDDEN RINGS OF THE ANCIENTS TO BEAT THE WITCH!	
00071	093C:0:0	대사	B3	ONLY JOKING MORTAL! WE CAN ONLY GIVE YOU THIS...	
00072	093D:0:0	대사	BB	THIS IS KING SANDYBUTT'S TOMB. TURN BACK OR FACE HIS WRATH!	
00073	093E:0:0	대사	BB	YOU CHOSE NOT TO HEED OUR WARNING, PREPARE TO RUN!	
00074	093F:0:0	대사	BB	NOOO...THE BEAR SURVIVED! HE'S AFTER THE KING'S ANCIENT RELIC!	
00075	0940:0:0	대사	83	THESE ARE THE RUNNING SHOES.	
00076	0940:0:2	대사	83	BEAKY WEARS THEM ON HER SCRAWNY FEET TO MAKE HER RUN REALLY FAST FOR A LIMITED TIME!	
00077	0941:0:0	대사	83	USE THE RUNNING SHOES TO MAKE KAZOOIE RUN REALLY FAST FOR A LIMITED TIME!	
00078	0942:0:0	대사	83	WELL, I'M AFRAID THAT'S IT FOR NEW MOVES IN GOBI'S VALLEY.	
00079	0943:0:0	대사	83	WELL PLAYED, BANJO! YOU'VE NOW LEARNED ALL THE MOVES IN THE GAME!	
00080	0944:0:0	대사	B5	GRUNTY'S RACE YOU CANNOT BEAT,	
00081	0944:0:1	대사	B5	UNTIL YOU FIND SOME FASTER FEET!	
00082	0945:0:0	대사	B9	MOTZAND PLAYS HIS ORGAN WITH EASE,	
00083	0945:0:1	대사	B9	BUT CAN YOU FOLLOW HIM ON THE KEYS?	
00084	0946:0:0	대사	B9	NOT BAD BEAR, BUT NOW WATCH ME,	
00085	0946:0:1	대사	B9	COPY THIS TUNE AND AMAZED I'LL BE!	
00086	0947:0:0	대사	B9	YOUR MUSIC SKILLS ARE MIGHTY FINE,	
00087	0947:0:1	대사	B9	SO TAKE THIS GOLDEN PIECE OF MINE!	
00088	0948:0:0	대사	B9	ONCE AGAIN I'LL PLAY MY TUNE,	
00089	0948:0:1	대사	B9	KEEP ON TRYING, YOU'LL GET IT SOON!	
00090	0949:0:0	대사	93	WHO WOKE NAPPER WHILE HE'S SLEEPING,	
00091	0949:0:1	대사	93	I CAN HEAR SOMEONE DOWN THERE CREEPING!	
00092	094A:0:0	대사	93	MY GOLDEN PRIZE YOU MAY NOT TAKE,	
00093	094A:0:1	대사	93	NOT WHILE OLD NAPPER'S AWAKE!	
00094	094B:0:0	대사	93	GRUNTY'S GOLD, HOW IT SHONE,	
00095	094B:0:1	대사	93	SHE'LL BE MAD, NOW IT'S GONE!	
00096	094B:0:2	대사	B5	YES I'M MAD, MY BOOT I'LL PUT,	
00097	094B:0:3	대사	B5	UP YOUR USELESS SPOOKY BUTT!	
00098	094C:0:0	대사	BA	GREETINGS, O SOLID ONE! I'M TUMBLAR THE MIGHTY! SOLVE THE PUZZLE AND YOU CAN TAKE THIS INFERNAL THING THAT'S STUCK UNDER ME!	
00099	094D:0:0	대사	BA	AT LAST, THE PUZZLE IS SOLVED! TAKE THIS THING, I'M LEAVING THIS GLOOMY SHED!	
00100	094E:0:0	대사	B5	THESE TWO GUESTS ARE RATHER DUMB,	
00101	094E:0:1	대사	B5	LET'S MAKE SURE THEY'RE UNWELCOME!	
00102	094F:0:0	대사	B9	I CAN'T BELIEVE YOU'RE SO SLOW,	
00103	094F:0:1	대사	B9	BACK TO THE START WE MUST GO!	
00104	0950:0:0	대사	CE	GURGLE...BEAR IS MUCH TOO FAT TO FIT IN LOGGO'S MOUTH!	
00105	0951:0:0	대사	CE	HAPPY LANDINGS, LITTLE ONE!	
00106	0952:0:0	대사	B5	I CAN'T BELIEVE YOU WENT IN THERE,	
00107	0952:0:1	대사	B5	NOW WASH YOUR HANDS, FILTHY BEAR!	
00108	0953:0:0	대사	B5	THOSE LOVELY THORNS, HOW THEY'VE GROWN,	
00109	0953:0:1	대사	B5	MUSIC TO MY EARS AS YOU MOAN!	
00110	0954:0:0	대사	B5	BIG OAK DOOR IS VERY TOUGH,	
00111	0954:0:1	대사	B5	STUPID BEAR'S NOT FAST ENOUGH!	
00112	0955:0:0	대사	86	ME SAFE HERE...BEAR CAN'T HIT CONGA!	
00113	0956:0:0	대사	86	URGGG! BEAR BEAT CONGA. ME GIVE PRIZE TO BEAR...	
00114	0957:0:0	대사	86	YARRRR! EGG HURT CONGA!	
00115	0958:0:0	대사	86	YURR...CONGA GOOD SHOT!	
00116	0959:0:0	대사	86	GRRR...CLEVER BEAR FIND CONGA'S GOLD!	
00117	095A:0:0	대사	86	GRRAAR...THIS CONGA'S TREE! ME HIT BEAR WITH ORANGES!	
00118	095B:0:0	대사	86	DON'T TOUCH CONGA'S BLOCKS!	
00119	095C:0:0	대사	86	GRRAAR...THIS CONGA'S TREE! ME HIT TERMITE WITH ORANGES!	
00120	095D:0:0	대사	85	CHIMPY HUNGRY, WANTS ORANGE NOW. FEED CHIMPY!	
00121	095E:0:0	대사	85	OH...CHIMPY LIKE CONGA'S ORANGE, CHIMPY HELP FAT BEAR AND BIRD!	
00122	095F:0:0	대사	A8	HEY! WHERE DID YOU GET THOSE SHORTS? I WANT THEM!	
00123	0960:0:0	대사	A8	GIVE ME THAT COOL BACKPACK OR ELSE!	
00124	0961:0:0	대사	A8	HEY UGLY! NO BEARS ALLOWED IN TICKER'S TOWER!	
00125	0962:0:0	대사	A9	WE JUJU, MUMBO'S TOTEM POLE. FEED US WITH NICE BLUE STONES.	
00126	0963:0:0	대사	A3	YOU MUST SEARCH FOR 10 OF US ON EACH WORLD. WE'LL HELP YOU PROGRESS THROUGH THE WITCH'S LAIR!	
00127	0964:0:0	대사	86	HEY...THAT CONGA'S ORANGE! PUT IT BACK!	
00128	0964:0:1	대사	9E	YUM...ORANGES ARE NICE!	
00129	0965:0:0	대사	83	TIME FOR THE BUZZARD TO LEARN THE 'ANCIENT WAYS OF THE EGG'	
00130	0965:0:2	대사	83	HOLD Z, THEN PRESS THE TOP C BUTTON TO SHOOT AN EGG OUT OF YOUR MOUTH!	
00131	0965:0:4	대사	83	SURE...PRESS THE BOTTOM C BUTTON INSTEAD AND YOU CAN SHOOT THEM OUT FROM BEHIND!	
00132	0965:0:6	대사	83	BIRD BRAIN CAN CARRY 100 EGGS IN HER BACKPACK. OH...AND YOU CAN ALSO USE THE CONTROL STICK TO AIM WHILE YOU ARE CROUCHING. EGGS-CITING, HUH?	
00133	0965:0:7	대사	83	NOW THAT YOU'VE LEARNED TO USE THE EGGS, HERE'S 50 TO PRACTICE WITH!	
00134	0965:1:1	대사	81	I'M LISTENING BEETLE BREATH...	
00135	0965:1:3	대사	81	HEY...SOUNDS COOL! ANYTHING ELSE?	
00136	0965:1:5	대사	81	SHEESH...SOUNDS PAINFUL, I WISH I'D NEVER ASKED...	
00137	0966:0:0	대사	83	I CALL THIS THE BEAK BUSTER. JUMP INTO THE AIR, THEN PRESS Z TO SEND KAZOOIE SLAMMING HARD DOWN TO THE FLOOR!	
00138	0966:0:2	대사	83	GET USED TO IT NEST GIRL, YOU'LL BE USING IT A LOT!	
00139	0966:1:1	대사	81	GULP...I DON'T LIKE THE SOUND OF THAT, BANJO...	
00140	0967:0:0	대사	83	THE TALON TROT WILL LET KAZOOIE TACKLE STEEP SLOPES WITH EASE!	
00141	0967:0:2	대사	83	HOLD Z, THEN PRESS THE LEFT C BUTTON. CONTINUE TO HOLD Z WHILE MOVING KAZOOIE AROUND WITH THE CONTROL STICK. GO PRACTICE!	
00142	0967:1:1	대사	80	THAT SOUNDS USEFUL, HOW DOES SHE DO IT?	
00143	0968:0:0	대사	83	TACKLE STEEP SLOPES WITH THE TALON TROT. HOLD Z, THEN PRESS THE LEFT C BUTTON. CONTINUE TO HOLD Z WHILE MOVING KAZOOIE AROUND WITH THE CONTROL STICK.	
00144	0969:0:0	대사	83	TO FIRE AN EGG OUT OF KAZOOIE'S MOUTH, HOLD Z, THEN PRESS THE TOP C BUTTON. TO FIRE ONE FROM BEHIND, HOLD Z AND PRESS THE BOTTOM C BUTTON INSTEAD. YOU CAN USE THE CONTROL STICK TO AIM WHILE YOU ARE CROUCHING.	
00145	096A:0:0	대사	83	SLAM DOWN HARD WITH THE BEAK BUSTER BY JUMPING INTO THE AIR, THEN PRESSING Z!	
00146	096B:0:0	대사	83	THINGS A BIT SLIPPY, HUH? FIND ME AND I'LL TEACH YOU HOW TO GET UP STEEP SLOPES!	
00147	096C:0:0	대사	83	WOAAA, BANJO! THERE'S NOTHING MORE I CAN TEACH YOU ON THIS WORLD!	
00148	096D:0:0	대사	83	KAZOOIE CAN CARRY 100 OF THESE IN HER BACKPACK, SO GET COLLECTING!	
00149	096E:0:0	대사	83	IF THE ITEM YOU PICKED UP ISN'T NEEDED JUST YET, BEAKY WILL STORE IT IN YOUR BACKPACK.	
00150	096F:0:0	대사	83	WHEN YOU'RE READY TO LEAVE THIS WORLD, RETURN TO THE START AREA AND STAND ON THE EXIT PAD.	
00151	0970:0:0	대사	B2	I'M TRAPPED, HELP! GET THIS THING OFF SNORKEL!	
00152	0971:0:0	대사	B2	THANKS GUYS! I FOUND THIS EARLIER, IT'S YOURS!	
00153	0972:0:0	대사	B5	A SIMPLE TASK YOU WERE SURE,	
00154	0972:0:1	대사	B5	BUT GRUNTY'S ENGINES START ONCE MORE!	
00155	0973:0:0	대사	C2	WHO DARES ENTER BOSS BOOM BOX'S HOLD?	
00156	0973:0:2	대사	C2	I'VE HIDDEN MY JIGSAW, YOU'LL NEVER GET IT!	
00157	0974:0:0	대사	C2	ARRG...YOU'VE SPLINTERED ME! TAKE THIS, I DIDN'T WANT IT REALLY...	
00158	0975:0:0	대사	B5	STUPID BEAR, YOU'LL HAVE TO LEARN,	
00159	0975:0:1	대사	B5	THAT RED HOT OVENS TEND TO BURN!	
00160	0976:0:0	대사	B5	MY OILY WATER, IN YOU PLUNGE,	
00161	0976:0:1	대사	B5	YOU'LL LOSE AIR WHILE IN THAT GUNGE!	
00162	0977:0:0	대사	B5	UNDER THE SCUM YOU'LL BREATHE YOUR LAST,	
00163	0977:0:1	대사	B5	'CUZ AIR IS USED TWICE AS FAST!	
00164	0978:0:0	대사	B5	MY OILY SCUM WILL MAKE YOU GASP	
00165	0978:0:1	대사	B5	AND CHOKE WHEN YOU'RE IN GRUNTY'S GRASP!	
00166	0979:0:0	대사	B7	GROAN...MY STOMACH ACHES, I SHOULDN'T HAVE EATEN THAT SHINY THING. SOMEONE HELP POOR BOGGY...	
00167	097A:0:0	대사	B7	OOOOOOOF...	
00168	097B:0:0	대사	B7	HELLO AGAIN BUDDY, I'M WAITING FOR SOMEONE TO RACE ME!	
00169	097B:0:2	대사	B7	SORRY, YOU'RE TOO BIG FOR MY SLED, I CAN ONLY RACE SOMEONE SMALLER.	
00170	097B:1:1	대사	81	WE'LL RACE YOU, NUMB BUTT!	
00171	097C:0:0	대사	B7	HEY, MR. WALRUS! FANCY A RACE? HOP ON THE SLED IF YOU DO!	
00172	097D:0:0	대사	B7	GREAT! NOW ALL YOU NEED TO DO IS STEER YOUR SLED THROUGH THE RED SLALOM GATES AND BEAT ME TO THE END. GOT IT?	
00173	097D:0:1	대사	B7	3...	
00174	097D:0:2	대사	B7	2...	
00175	097D:0:3	대사	B7	1...	
00176	097D:0:4	대사	B7	GO!	
00177	097E:0:0	대사	B7	NOT BAD KID, BUT YOU'RE NOT AS FAST AS OLD BOGGY YET!	
00178	097F:0:0	대사	B7	C'MON, MR. WALRUS, JUMP ON THE SLED AND TRY AGAIN!	
00179	0980:0:0	대사	B7	GOOD LUCK KID!	
00180	0980:0:1	대사	B7	3...	
00181	0980:0:2	대사	B7	2...	
00182	0980:0:3	대사	B7	1...	
00183	0980:0:4	대사	B7	GO!	
00184	0981:0:0	대사	B7	PHEW...YOU'RE TOO QUICK FOR ME, MR. WALRUS!	
00185	0981:0:1	대사	B7	HERE'S YOUR MEDAL, I RECKON I NEED TO RACE SOMEONE MY OWN SIZE!	
00186	0982:0:0	대사	B7	I FANCY ANOTHER RACE, BUT YOU'RE TOO GOOD FOR ME. WHERE'S THAT FAT BEAR GONE?	
00187	0983:0:0	대사	B7	HEY BUDDY! FANCY A RACE AGAINST BOGGY?	
00188	0983:0:1	대사	B7	PRESS A TO ACCEPT OR B TO CHICKEN OUT!	
00189	0984:0:0	대사	B7	C'MON, BUDDY...TRY AGAIN!	
00190	0984:0:1	대사	B7	PRESS A TO RACE OR B TO BACK OUT.	
00191	0985:0:0	대사	B7	HARD LUCK BUDDY, BUT OLD BOGGY WINS THIS TIME!	
00192	0986:0:0	대사	B7	C'MON, BUDDY...TRY AGAIN!	
00193	0987:0:0	대사	B7	DOH...I'VE LOST AGAIN! TAKE MY OTHER MEDAL, I'M OFF TO LOOK FOR MY KIDS' PRESENTS!	
00194	0988:0:0	대사	B7	FASTER! YOU'RE NOT TRYING BACK THERE!	
00195	0989:0:0	대사	B7	C'MON KID, I COULD WALK QUICKER!	
00196	098A:0:0	대사	B7	THIS IS TOO EASY, I'M GIVING UP!	
00197	098B:0:0	대사	BE	IS THE WATER TOO COLD FOR YOU, BANJO? WELL STAY OUT THEN!	
00198	098C:0:0	대사	BF	WE'RE THE TWINKLIES! PROTECT US FROM THE TWINKLY MUNCHERS AS WE HOP ACROSS TO OUR TREE. IF ENOUGH OF US GET THERE, WE CAN LIGHT THE TREE FOR YOU!	
00199	098D:0:0	대사	BF	PHEW...THAT WAS CLOSE, BUT WE MADE IT. NOW SWITCH US ON!	
00200	098E:0:0	대사	BF	YIPPEE! BE A STAR AND YOU'LL FIND YOUR REWARD! HURRY!	
00201	098F:0:0	대사	C0	HURRR...NICE TASTY LIGHTS THOSE! TRY AGAIN BEAR, WE'RE STILL HUNGRY!	
00202	0990:0:0	대사	C0	MMMM...CRUNCHY AND TASTY!	
00203	0991:0:0	대사	C5	WOW! THANK YOU BROWN BEAR!	
00204	0992:0:0	대사	C5	COOL, ANOTHER PRESENT! WE NEED JUST ONE MORE!	
00205	0993:0:0	대사	C5	YIPPEE! NOW WE'VE ALL GOT PRESENTS! HERE'S SOMETHING FOR YOU!	
00206	0994:0:0	대사	C5	WAAAH...WHERE'S OUR PRESENTS! OUR DAD BOGGY SAID HE WAS FETCHING THEM! HE'S BEEN GONE AGES... WAAAAAAAAH!	
00207	0995:0:0	대사	B8	YIKES! A NASTY FIERCE BEAR!	
00208	0996:0:0	대사	B8	WOW, ANOTHER WALRUS! TAKE THIS...	
00209	0996:0:2	대사	B8	BUT WATCH OUT FOR A SMELLY BROWN BEAR AND HIS UGLY BIRD PARTNER.	
00210	0997:0:0	대사	B8	PHEW...IT'S SAFE FOR WOZZA TO COME OUT NOW!	
00211	0998:0:0	대사	B7	ALL THAT RACING HAS MADE ME TIRED. WILL YOU LOOK FOR MY KIDS' PRESENTS?	
00212	0999:0:0	대사	B7	I WISH THOSE KIDS WOULD BE QUIET, OLD BOGGY NEEDS SOME SLEEP!	
00213	099A:0:0	대사	BC	~	
00214	099B:0:0	대사	D0	~	
00215	099C:0:0	대사	D1	~	
00216	099D:0:0	대사	83	TIME FOR SOME AERIAL ACTION WITH MY DEVASTATING BEAK BOMB ATTACK!	
00217	099D:0:2	대사	83	WHEN YOU'RE FLYING, PRESS B TO LAUNCH KAZOOIE AT A TARGET LIKE A MISSILE! CHOOSE YOUR TARGETS CAREFULLY THOUGH, AS IT COSTS A RED FEATHER EACH TIME YOU USE IT.	
00218	099D:1:1	대사	81	NICE ONE GOGGLES, TELL ME MORE!	
00219	099E:0:0	대사	83	USE THE DEVASTATING BEAK BOMB AERIAL ATTACK BY PRESSING B WHILE KAZOOIE IS FLYING.	
00220	099F:0:0	대사	BF	PLEASE TRY HARDER THIS TIME...HERE WE COME!	
00221	09A0:0:0	대사	B8	EEEK...THE BEAR AGAIN! TAKE THAT NOISY ORANGE THING WITH YOU AND LEAVE POOR WOZZA ALONE...	
00222	09A1:0:0	대사	B8	WHY...HELLO AGAIN MR. WALRUS. FEEL FREE TO HAVE A LOOK AROUND WOZZA'S CAVE.	
00223	09A2:0:0	대사	B7	O.K. BUDDY, HERE'S THE RULES. RUN THROUGH THE RED SLALOM GATES AND TRY TO BEAT ME TO THE END. LET'S DO IT!	
00224	09A2:0:1	대사	B7	3...	
00225	09A2:0:2	대사	B7	2...	
00226	09A2:0:3	대사	B7	1...	
00227	09A2:0:4	대사	B7	GO!	
00228	09A3:0:0	대사	B7	I'LL TRY TO MAKE IT CLOSE THIS TIME!	
00229	09A3:0:1	대사	B7	3...	
00230	09A3:0:2	대사	B7	2...	
00231	09A3:0:3	대사	B7	1...	
00232	09A3:0:4	대사	B7	GO!	
00233	09A4:0:0	대사	83	YOU'VE LEARNED ALL THE MOVES I CAN TEACH YOU ON THIS WORLD NOW!	
00234	09A5:0:0	대사	B7	THAT'S BETTER! HEY, YOU FOUND MY SLED! I'LL GO AND PRACTICE FOR THE BIG RACE NOW, SEE YOU BUDDY.	
00235	09A6:0:0	대사	8B	HUR...HUR...HUR! I'M MR. VILE, GREEDIEST CROC OF ALL! PLAY MY GAME TO WIN A PRIZE!	
00236	09A6:0:1	대사	8B	PRESS A TO ACCEPT OR B TO CHICKEN OUT!	
00237	09A7:0:0	대사	8B	GAME IS SIMPLE, EAT MORE RED YUMBLIES THAN ME! READY?	
00238	09A7:0:1	대사	8B	3...	
00239	09A7:0:2	대사	8B	2...	
00240	09A7:0:3	대사	8B	1...	
00241	09A7:0:4	대사	8B	GO!	
00242	09A8:0:0	대사	8B	LOOK, PUNY GREEN CROC IS SCARED!	
00243	09A9:0:0	대사	8B	WEEDY CROC LOSES! ME BITE GREENY TO MAKE HIM LEARN!	
00244	09AA:0:0	대사	8B	GRRR...YOU ONLY WIN EASY GAME. NOW WE PLAY HARDER GAME. EAT REDS, AVOID YELLOW GRUMBLIES, THEY NOT RIPE. READY?	
00245	09AA:0:1	대사	8B	3...	
00246	09AA:0:2	대사	8B	2...	
00247	09AA:0:3	대사	8B	1...	
00248	09AA:0:4	대사	8B	GO!	
00249	09AB:0:0	대사	8B	HAH! MR. VILE WINS EASY! HERE I COME, GREENY!	
00250	09AC:0:0	대사	8B	BAH! LUCKY GREENY WINS. MUST PLAY LAST GAME. ONLY EAT WHAT IS SHOWN AT TOP OF SCREEN. READY?	
00251	09AC:0:1	대사	8B	3...	
00252	09AC:0:2	대사	8B	2...	
00253	09AC:0:3	대사	8B	1...	
00254	09AC:0:4	대사	8B	GO!	
00255	09AD:0:0	대사	8B	MIGHTY MR. VILE WINS, NOW GREENY GETS CHEWED!	
00256	09AE:0:0	대사	8B	MR. VILE NEVER LOST BEFORE! GREENY CAN HAVE PRIZE...	
00257	09AF:0:0	대사	8B	WANT TO TRY AGAIN GREENY? PRESS A TO PLAY OR B TO RUN.	
00258	09B0:0:0	대사	8B	WE PLAY EASY GAME AGAIN FIRST.	
00259	09B0:0:1	대사	8B	READY......GO!	
00260	09B1:0:0	대사	8B	I WASN'T TRYING! LET'S PLAY NEXT GAME AGAIN.	
00261	09B1:0:1	대사	8B	READY......GO!	
00262	09B2:0:0	대사	8B	GRRR...WE PLAY HARDEST GAME AGAIN NOW.	
00263	09B2:0:1	대사	8B	READY......GO!	
00264	09B3:0:0	대사	8B	URR...WE PLAY GAME 2 AGAIN. REMEMBER...REDS ARE NICE, YELLOWS NASTY!	
00265	09B4:0:0	대사	8B	LET'S TRY LAST GAME AGAIN. ONLY EAT WHAT IS SHOWN ON TOP OF SCREEN!	
00266	09B5:0:0	대사	8C	QUIET PLEASE. THE FAMOUS 'TIPTUP CHOIR' WILL NOW PERFORM MY LATEST WORK.	
00267	09B6:0:1	대사	8C	WE'LL SEE, COPY WHAT YOU JUST HEARD FOR LESSON 1.	
00268	09B6:1:0	대사	81	BIT SHORT ISN'T IT, SHELL BOY?	
00269	09B7:0:0	대사	8C	WHAT LESSON WERE WE ON? AH YES, I REMEMBER...	
00270	09B8:0:0	대사	8C	NO, THAT'S NOT RIGHT. TRY AGAIN OR ASK ME TO REPEAT THE LESSON.	
00271	09B9:0:0	대사	AE	HEY! WATCH IT WILL YA, FATTY!	
00272	09BA:0:0	대사	8C	MMMM...NOT TOO BAD, TRY LESSON 2.	
00273	09BB:0:0	대사	8C	OH DEAR, FORGOTTEN ALREADY? HERE IT IS AGAIN.	
00274	09BC:0:0	대사	8C	AHHH...SPLENDID! YOU JUST NEED ONE MORE LESSON.	
00275	09BD:0:0	대사	8C	MMM...WATCH MORE CAREFULLY THIS TIME.	
00276	09BE:0:0	대사	8C	MAGNIFICENT! A TRUE MASTERPIECE! HERE, TAKE THIS TRINKET I FOUND EARLIER.	
00277	09BF:0:0	대사	8C	I KNEW YOU'D NEED TO SEE THIS ONE AGAIN!	
00278	09C0:0:0	대사	8C	SORRY...THERE IS NOTHING MORE I CAN TEACH YOU.	
00279	09C1:0:0	대사	8D	OOOO...MY FEET ARE SO NUMB AND COLD!	
00280	09C2:0:0	대사	8D	MMMM... TANKTUP'S WARM AT LAST! PERHAPS YOU'D LIKE THIS!	
00281	09C3:0:0	대사	8D	AHHH...THAT'S A BIT BETTER!	
00282	09C4:0:0	대사	8E	URRR...AN UGLY HAIRY TRESPASSER! HE'S AFTER OUR GOLD, BUT HE'LL NEVER BEAT US ALL!	
00283	09C5:0:0	대사	8E	BLUB...YOU'RE TOO TOUGH FOR US FLIBBITS, TAKE OUR GOLD!	
00284	09C6:0:0	대사	8E	HE'S BACK! GET HIM FLIBBITS!	
00285	09C7:0:0	대사	8E	URRR...AN UGLY SCALY TRESPASSER! HE'S AFTER OUR GOLD, BUT HE'LL NEVER BEAT US ALL!	
00286	09C8:0:0	대사	A7	THIS IS PIRANHA WATER, KEEP YOUR SMELLY FEET OUT!	
00287	09C9:0:0	대사	B4	YUMMY! CROCTUS LIKED THAT!	
00288	09CA:0:0	대사	B4	ME WANT YUMMY EGG TOO!	
00289	09CB:0:0	대사	83	THESE ARE THE WADING BOOTS.	
00290	09CB:0:2	대사	83	CHICKEN LEGS WEARS THEM SO YOU CAN SAFELY WADE THROUGH DANGEROUS AREAS LIKE THE SWAMP FOR A LIMITED TIME.	
00291	09CB:1:1	대사	80	O.K. CHICKEN...ERR, KAZOOIE...LET'S GO GRAB A PAIR!	
00292	09CC:0:0	대사	83	KAZOOIE USES THE WADING BOOTS TO SAFELY WADE THROUGH DANGEROUS AREAS LIKE THE SWAMP FOR A LIMITED TIME.	
00293	09CD:0:0	대사	83	GREAT, NOW YOU KNOW ALL THE SWAMP'S NEW MOVES!	
00294	09CE:0:0	대사	B5	I'LL BE YOUNG AND TOOTY OLD,	
00295	09CE:0:1	대사	B5	BEFORE YOU GET GRUNTILDA'S GOLD!	
00296	09CF:0:0	대사	B5	FIRST YOU SEE IT, NOW YOU DON'T,	
00297	09CF:0:1	대사	B5	THE FAST ONE WINS, THE SLOW ONE WON'T!	
00298	09D0:0:0	대사	8B	MR. VILE NOW HAS TOUGHER CHALLENGE IF GREENY NOT SCARED! YOU MUST WIN NEXT 3 GAMES TO WIN 3 EXTRA LIVES, BUT EACH TIME GREENY LOSES, MR. VILE CHOMPS YOU FOR 1 LIFE!	
00299	09D0:0:1	대사	8B	PRESS A TO ACCEPT OR B TO SLIDE OFF LIKE A SLUG!	
00300	09D1:0:0	대사	8B	HURR...GREENY BRAVE, BUT MR. VILE SOON CHEW GREENY'S SHORTS!	
00301	09D2:0:0	대사	8B	MR. VILE IS BADDEST CROC OF ALL! LOOK EVERYONE, GREENY IS SCURRYING OFF!	
00302	09D3:0:0	대사	8B	HURR...GREENY GOT MORE TASTY LIVES FOR MR. VILE? PRESS A TO TRY AGAIN OR B TO HOP AWAY LIKE FROG!	
00303	09D4:0:0	대사	8B	GREENY FANCY CHANCES AGAIN, HUH? SAME DEAL, WIN 3 GAMES TO WIN 3 EXTRA LIVES! PRESS A TO ACCEPT OR B TO SLITHER OFF LIKE SNAKE!	
00304	09D5:0:0	대사	8B	YURR...MR. VILE WINS! ME HUNGRY NOW!	
00305	09D6:0:0	대사	8B	GREENY SLOW LEARNER! GIMME THAT LIFE!	
00306	09D7:0:0	대사	8B	MR. VILE ALWAYS SAY 'FOOL AND LIVES EASY PARTED!'	
00307	09D8:0:0	대사	8B	GRRR...GREENY WON GAME, BUT MR. VILE KEEP PRIZES UNTIL GREENY WINS ALL GAMES!	
00308	09D9:0:0	대사	8B	ERR...GREENY WON THAT ONE AS WELL, BUT MR. VILE STILL KEEP HOLD OF PRIZE UNTIL NEXT GAME WON!	
00309	09DA:0:0	대사	8B	GRRR...GREENY MUST HAVE CHEATED, MR. VILE NOT GIVING YOU PRIZE!	
00310	09DA:0:2	대사	8B	HURR...YOU'LL HAVE TO CATCH MR. VILE FIRST!	
00311	09DA:1:1	대사	D9	HEY, HAND IT OVER BEFORE I CHOMP YOU!	
00312	09DB:0:0	대사	8B	YOWWW! GREENY WINS, HERE IS PRIZE!	
00313	09DC:0:0	대사	BD	EEK! HUNGRY ANIMALS LIKE CATERPILLARS...	
00314	09DD:0:0	대사	C4	CHOMP...CHEW...NABNUT LIKES ACORNS! I'LL JUST EAT A FEW MORE...	
00315	09DE:0:0	대사	C4	GROAN...NABNUT'S EATEN TOO MANY ACORNS. I'VE GOT NONE LEFT FOR NEXT WINTER NOW...	
00316	09DF:0:0	대사	C4	HI THERE BEAR BUDDY! I NEED 6 MORE ACORNS BEFORE WINTER COMES, HAVE YOU SEEN ANY?	
00317	09E0:0:0	대사	C4	MMM...NABNUT HASN'T GOT ENOUGH ACORNS YET, KEEP LOOKING!	
00318	09E1:0:0	대사	C4	YIPPEE, THAT'S ALL THE ACORNS I NEED! HERE, TAKE THIS, I'LL SEE YOU IN SPRING!	
00319	09E2:0:0	대사	C4	ZZZZZZ...MMM, ACORNS...ZZZZZZ...	
00320	09E3:0:0	대사	C1	SOMEBODY MOVE THIS BOULDER, GNAWTY CAN'T GET IN HIS HOUSE!	
00321	09E4:0:0	대사	C1	YOU LOOK PRETTY STRONG, CAN YOU MOVE THIS BOULDER FOR ME?	
00322	09E5:0:0	대사	C1	WOW...WHAT STRENGTH! COME INSIDE AND I'LL GIVE YOU A REWARD!	
00323	09E6:0:0	대사	C1	IT'S GETTING A BIT CHILLY OUT HERE, I WISH I WAS INSIDE...	
00324	09E7:0:0	대사	C1	OH, HERE YOU ARE AT LAST! I'VE BEEN WAITING MONTHS TO GIVE YOU THIS!	
00325	09E8:0:0	대사	C1	BRRR...THIS WATER'S FREEZING, AND I'M STILL STUCK OUTSIDE THANKS TO YOU!	
00326	09E9:0:0	대사	C1	WOW...YOU MUST REALLY WANT THIS IF YOU SWAM IN THAT FREEZING WATER!	
00327	09EA:0:0	대사	C1	COR...I DON'T USUALLY GET VISITORS IN WINTER!	
00328	09EB:0:0	대사	C6	BWARRR! ME EYRIE...MIGHTY EAGLE! NEED SLEEP NOW...	
00329	09EC:0:0	대사	C7	EYRIE HUNGRY NOW, NEED 5 CATERPILLARS!	
00330	09ED:0:0	대사	C7	YUMMY...JUICY CATERPILLAR NICE!	
00331	09EE:0:0	대사	C7	BURP! EYRIE FULL NOW, NEEDS MORE SLEEP...	
00332	09EF:0:0	대사	C8	BEAR GET EYRIE MORE CATERPILLARS! NEED 10 THIS TIME!	
00333	09F0:0:0	대사	C8	THANK YOU BEAR, EYRIE SOON BE BIG BIRD! MUST HAVE SLEEP FIRST...	
00334	09F1:0:0	대사	C9	EYRIE MIGHTY EAGLE AT LAST! WATCH ME AS I FLY INTO THE SKY!	
00335	09F2:0:0	대사	C9	I HAVE REWARD FOR BEAR FRIEND, HERE IT COMES...	
00336	09F3:0:0	대사	91	OH NO, IT'S YOU TWO AGAIN, GOBI THOUGHT HE WAS SAFE HERE...	
00337	09F4:0:0	대사	91	WILL YOU STOP DOING THAT! IT TOOK ME AGES TO FIND MORE WATER!	
00338	09F5:0:0	대사	91	RIGHT, THAT'S IT! I'M OFF TO THE LAVA WORLD, YOU'LL NEVER FIND ME THERE!	
00339	09F6:0:0	대사	C3	BZZZ...HELLO FAT LITTLE BEE! WE ZUBBAS ARE GUARDING GRUNTY'S GOLDEN HONEY PIECE, WE'VE BEEN TOLD THERE'S A HONEY BEAR OUT THERE!	
00340	09F7:0:0	대사	C3	BZZZ...THE HONEY BEAR! HE'S AFTER GRUNTY'S GOLDEN HONEY PIECE, STING HIM ZUBBAS!	
00341	09F8:0:0	대사	C3	BZZZ...HE'S BACK, STING HIM!	
00342	09F9:0:0	대사	C3	BZZARRG...HE'S BEATEN US! OH WELL, WE WERE GETTING BORED OF GUARDING IT ANYWAY...	
00343	09FA:0:0	대사	C3	BZZZ...NOTHING IN HERE FOR YOU NOW BEAR, WE'VE ALL MOVED OUT!	
00344	09FB:0:0	대사	B5	MY BRAMBLE FIELD MAKES YOU YELP,	
00345	09FB:0:1	대사	B5	AND LOSS OF LIFE IT SURE DOES HELP!	
00346	09FC:0:0	대사	B5	YES THAT'S RIGHT, SWIM UNDER THERE,	
00347	09FC:0:1	대사	B5	ICY WATER TAKES DOUBLE AIR!	
00348	09FD:0:0	대사	B5	YOU'LL USE YOUR AIR UP DOUBLE FOLD	
00349	09FD:0:1	대사	B5	I'VE MADE THE WATER ICY COLD	
00350	09FE:0:0	대사	89	BZZZ...I AM CLANKER, WITCH'S GARBAGE GRINDER. CLANKER NOT LIKE DIRTY WATER, WANT FRESH AIR.	
00351	09FF:0:0	대사	89	CLANKER HAS FRESH AIR, YOU FIND REWARD ON CLANKER'S BACK.	
00352	0A00:0:0	대사	89	BZZZZ...CLANKER'S TEETH HURT NOW, EAT TOO MUCH GARBAGE. HELP CLANKER...	
00353	0A01:0:0	대사	89	TOOTHACHE THIS SIDE GONE, CLANKER SWALLOWED REWARD.	
00354	0A02:0:0	대사	89	TOOTHACHE THIS SIDE GONE, CLANKER SWALLOWED REWARD.	
00355	0A02:0:1	대사	89	TEETH ALL BETTER NOW, THANK YOU BEAR.	
00356	0A03:0:0	대사	89	AHH...THIS TOOTH NOT HURT NOW.	
00357	0A04:0:0	대사	89	AHH...THIS TOOTH NOT HURT NOW.	
00358	0A04:0:1	대사	89	TEETH ALL BETTER NOW, THANK YOU BEAR.	
00359	0A05:0:0	대사	8A	SSSNIPPET MUTANTSSS ARE WE! JIGSSSAW ISSS OURSSS, FIGHT USSS YOU MUSSST!	
00360	0A06:0:0	대사	8A	HSSS...BEATEN SSSNIPPET MUTANTSSS ARE WE, YOURSSS IS PRIZZZE!	
00361	0A07:0:0	대사	AD	HI, I'M GLOOP! GRAB MY BUBBLES IF YOU'RE LOW ON AIR!	
00362	0A08:0:0	대사	83	THIS MOVE USES BEAKO'S WINGS AS A SHIELD AGAINST THE BAD GUYS!	
00363	0A08:0:2	대사	83	SURE DOES! HOLD Z AND PRESS THE RIGHT C BUTTON. KEEP Z HELD AND USE THE CONTROL STICK TO MOVE AROUND. USE IT WISELY THOUGH, AS THIS MOVE REQUIRES GOLD FEATHERS AND YOU CAN ONLY CARRY 10 OF THEM!	
00364	0A08:0:3	대사	83	HERE...TAKE THESE 5 VALUABLE GOLD FEATHERS WITH YOU!	
00365	0A08:1:1	대사	80	COOL...DOES IT MAKE ME INVULNERABLE?	
00366	0A09:0:0	대사	83	MAKE YOURSELF INVULNERABLE WITH THE WONDERWING BY HOLDING Z AND PRESSING THE RIGHT C BUTTON. KEEP Z HELD AND USE THE CONTROL STICK TO MOVE AROUND.	
00367	0A0A:0:0	대사	83	YOU'VE LEARNED ALL MY NEW MOVES FOR THIS WORLD, THE REST IS UP TO YOU!	
00368	0A0C:0:0	대사	83	HMMM...YOUR ENERGY IS A LITTLE LOW, I'LL FILL IT UP FOR YOU!	
00369	0A0D:0:0	대사	84	ME MUMBO, BEST SHAMAN IN ALL GAME. CAN HELP BANJO AND FILTHY FEATHERED ONE.	
00370	0A0D:0:2	대사	84	MUMBO'S MAGIC TOKENS HID BY WITCH. FIND TOKENS AND MUMBO HELP YOU.	
00371	0A0D:1:1	대사	82	WATCH IT, HUT BOY!	
00372	0A0E:0:0	대사	84	MUMBO'S MAGIC FREE TO CHANGE BACK, YOU COME WHEN READY.	
00373	0A0F:0:0	대사	84	TERMITE BIT SMALL, BUT NOT BAD FOR FIRST SPELL. MUMBO PRACTICE NEEDED!	
00374	0A10:0:0	대사	84	AHH...MUMBO PROUD OF PUMPKIN SPELL, MAKE GOOD SOUP!	
00375	0A11:0:0	대사	84	BANJO GONE ALL FAT, GOT BIG TEETH...HUR...HUR!	
00376	0A12:0:0	대사	84	WAIT, MUMBO NEED NEW BOOTS! ONLY KIDDING...	
00377	0A13:0:0	대사	84	MUMBO MAGIC MUCH GOOD! BEE IS BEST YET!	
00378	0A14:0:0	대사	A4	GO AWAY! LEAVE MY HONEYCOMBS ALONE!	
00379	0A15:0:0	대사	94	YIPPEE, YOU SAVED ME! GRUNTILDA HAS IMPRISONED FIVE OF US JINJOS ON EACH WORLD, FREE US ALL TO GET A JIGGY!	
00380	0A16:0:0	대사	96	YIPPEE, YOU SAVED ME! GRUNTILDA HAS IMPRISONED FIVE OF US JINJOS ON EACH WORLD, FREE US ALL TO GET A JIGGY!	
00381	0A17:0:0	대사	95	YIPPEE, YOU SAVED ME! GRUNTILDA HAS IMPRISONED FIVE OF US JINJOS ON EACH WORLD, FREE US ALL TO GET A JIGGY!	
00382	0A18:0:0	대사	97	YIPPEE, YOU SAVED ME! GRUNTILDA HAS IMPRISONED FIVE OF US JINJOS ON EACH WORLD, FREE US ALL TO GET A JIGGY!	
00383	0A19:0:0	대사	98	YIPPEE, YOU SAVED ME! GRUNTILDA HAS IMPRISONED FIVE OF US JINJOS ON EACH WORLD, FREE US ALL TO GET A JIGGY!	
00384	0A1A:0:0	대사	99	I'M A NOTE, ONE OF A HUNDRED ON EACH WORLD. COLLECT US TO OPEN THE NOTE DOORS!	
00385	0A1B:0:0	대사	9A	ME MUMBO'S TOKEN. USED FOR MUMBO MAGIC.	
00386	0A1C:0:0	대사	9B	WE'RE THE EGGS! KAZOOIE CAN LEARN TO USE US AS AMMO!	
00387	0A1D:0:0	대사	9C	WHEEE...I'M A RED FEATHER! I HELP KAZOOIE FLY, WHEN SHE KNOWS HOW!	
00388	0A1E:0:0	대사	9D	LUCKY YOU! I'M AN INVULNERABILITY FEATHER! BOTTLES WILL TELL YOU MORE...	
00389	0A1F:0:0	대사	A0	MMMM...I'M STICKY TASTY HONEY ENERGY!	
00390	0A20:0:0	대사	A1	I'M AN EXTRA HONEYCOMB PIECE! COLLECT SIX OF US TO INCREASE YOUR ENERGY BAR!	
00391	0A21:0:0	대사	A2	LOOK OUT FOR ME, I'M AN EXTRA LIFE!	
00392	0A22:0:0	대사	A5	HA! DON'T THINK YOU CAN USE THESE UNTIL YOU'VE FOUND OUT HOW!	
00393	0A23:0:0	대사	A6	HEY! KEEP YOUR FEET OUT! YOU CAN'T USE US UNTIL YOU'VE SPOKEN TO BOTTLES...	
00394	0A24:0:0	대사	A4	TOUCH MY HONEY THIS TIME AND YOU'LL BE SORRY!	
00395	0A25:0:0	대사	84	TOO HOT FOR MAGIC. MUMBO WANT SUN TAN.	
00396	0A26:0:0	대사	84	MUMBO BUSY, SWEEP MANY LEAVES. NO MAGIC TODAY.	
00397	0A27:0:0	대사	A4	MUMBO'S ON VACATION, YOU HAIRY FOOL! COME BACK IN SPRING...	
00398	0A28:0:0	대사	84	AHH...BANJO HAS PLENTY TOKENS. STAND ON SKULL AND PRESS B TO SEE MIGHTY MUMBO MAGIC!	
00399	0A29:0:0	대사	84	BANJO NOT GOT ENOUGH TOKENS FOR MUMBO MAGIC. LOOK AT SIGN, BRING MORE.	
00400	0A2A:0:0	대사	84	CAN'T HAVE MAGIC. LOOK AT SIGN, GO AWAY, BRING MORE!	
00401	0A2B:0:0	대사	84	PUMPKIN MAKING MUMBO HUNGRY. ME GET POT READY...!	
00402	0A2C:0:0	대사	84	AHH...YOU FIND BIG HIDDEN FEATURE SPELL! MUMBO TURN BANJO INTO T-REX, CRUSH WITCH EASY!	
00403	0A2D:0:0	대사	84	CHANGED MIND, T-REX SPELL TOO GOOD FOR THIS GAME. MUMBO KEEP FOR NEXT GAME!	
00404	0A2E:0:0	대사	84	UMM...SPELL WENT WRONG. MUMBO'S LOINCLOTH ALL DIRTY, YOU WASH? HUR...HUR!	
00405	0A2F:0:0	대사	84	BANJO MUST STAND STILL OR SPELL GO ALL FUNNY...	
00406	0A30:0:0	대사	84	MUMBO GET NEW STICK, THIS ONE NOT WORK WELL...	
00407	0A31:1:0	대사	80	OOOH...AN EGG! I'M SURE WE'LL FIND A USE FOR THIS SOMEWHERE...	
00408	0A32:1:0	대사	80	WOW...ANOTHER ONE OF THOSE SPECIAL EGGS!	
00409	0A33:1:0	대사	81	COOL...AN ENORMOUS ICE KEY! WE OUGHT TO KEEP THIS FOR LATER...	
00410	0A34:0:0	대사	84	HEY, THAT MUCH BAD MAGIC! WASHER NOT AS GOOD AS BEAR, DON'T COME BAWLING TO MUMBO IF CAN'T GET THROUGH ALL WORLDS...	
00411	0A35:0:0	대사	83	LISTEN UP! I'M BOTTLES, THE SHORT-SIGHTED MOLE.	
00412	0A35:0:2	대사	83	SURE IS A STRANGE LOOKING BUDDY BANJO, CAN IT TALK?	
00413	0A35:0:4	대사	83	THE UGLY WITCH GRUNTILDA SWOOPED DOWN OUT OF THE SKY AND GRABBED HER!	
00414	0A35:0:6	대사	83	SHE FLEW UP TO HER MOUNTAIN LAIR!	
00415	0A35:0:8	대사	83	IT'S REALLY DANGEROUS, SO YOU'LL PROBABLY NEED SOME TRAINING BEFORE YOU GO UP THERE.	
00416	0A35:1:1	대사	80	I'M BANJO, AND THIS HERE'S MY BUDDY KAZOOIE.	
00417	0A35:1:3	대사	81	BETTER THAN YOU CAN, GOGGLE BOY!	
00418	0A35:1:4	대사	80	WHAT WAS ALL THAT NOISE ABOUT, WHERE'S MY SISTER TOOTY?	
00419	0A35:1:6	대사	81	CALM DOWN, GEEKY, WE'LL GET HER BACK! WHERE DID SHE GO?	
00420	0A36:0:1	대사	83	HELLO AGAIN! LET'S START WITH THE CAMERA CONTROLS, THEY'RE ON THE YELLOW C BUTTONS.	
00421	0A36:0:3	대사	83	TRY THIS THEN, BEAKY! TAP R TO MOVE THE CAMERA BEHIND BANJO!	
00422	0A36:0:5	대사	83	NO...HOLD R TO KEEP THE CAMERA BEHIND YOUR FEATHERY BUTT! TRY IT OUT, I'LL SEE YOU AT THE NEXT MOLEHILL.	
00423	0A36:1:0	대사	80	ERRR...ANYONE HOME?	
00424	0A36:1:2	대사	81	GEEZ...THAT'S NOTHING SPECIAL!	
00425	0A36:1:4	대사	81	IS THAT ALL WORM BREATH?	
00426	0A37:0:0	대사	83	YOU CAN MOVE THE CAMERA VIEW WITH THE YELLOW C BUTTONS. TAP R TO MOVE THE CAMERA BEHIND YOU, AND HOLD R TO KEEP THE CAMERA THERE.	
00427	0A38:0:0	대사	83	HMMM...YOUR JUMP COULD DO WITH SOME HELP.	
00428	0A38:0:2	대사	83	MORE THAN YOU! PRESS A TO JUMP, AND HOLD IT TO JUMP HIGHER.	
00429	0A38:1:1	대사	81	PAH! WHAT DO MOLES KNOW ABOUT JUMPING?	
00430	0A39:0:0	대사	83	C'MON FEATHERS...YOU CAN GIVE HIM A HAND!	
00431	0A39:0:2	대사	83	JUMP, THEN PRESS A AGAIN IN THE AIR FOR A DOUBLE JUMP!	
00432	0A39:1:1	대사	81	WHY? I'LL LOOK SILLY, I KNOW IT!	
00433	0A3A:0:1	대사	83	NOT UNTIL YOU LEARN THIS ONE. FIRST, YOU MUST STAND LIKE THIS...	
00434	0A3A:0:3	대사	83	I'M NOT LISTENING...HOLD Z, THEN PRESS A FOR THE MIGHTY FLAPFLIP JUMP!	
00435	0A3A:1:0	대사	81	THAT'S IT, WE'RE READY TO MOVE ON!	
00436	0A3A:1:2	대사	81	WHAT, WEARING RIDICULOUS GLASSES AND A SILLY GRIN?	
00437	0A3B:0:0	대사	83	THAT'S ALL THE JUMPS, KEEP PRACTICING!	
00438	0A3C:0:0	대사	83	PRESS A TO JUMP. PRESS A AGAIN WHILE YOU ARE JUMPING FOR A DOUBLE JUMP. HOLD Z AND PRESS A FOR THE FLAPFLIP JUMP.	
00439	0A3D:0:0	대사	83	FANCY LEARNING TO SWIM UNDERWATER?	
00440	0A3D:0:2	대사	83	USE THE CONTROL STICK TO SWIM ON THE SURFACE. TO SWIM UNDERWATER, PRESS B TO DIVE. GO ON, GIVE IT A TRY!	
00441	0A3D:1:1	대사	80	OOOH...SOUNDS DIFFICULT, AND I'LL GET MY FUR WET!	
00442	0A3D:1:2	대사	81	C'MON BANJO, I WANT TO SWIM! SPILL THE BEANS,  SPECKY!	
00443	0A3E:0:0	대사	83	WHILE UNDERWATER, BANJO CAN PRESS A TO KICK HIS LEGS AND THE WINGED WONDER CAN PRESS B TO USE HER WINGS.	
00444	0A3F:0:0	대사	83	USE THE CONTROL STICK TO SWIM ON THE SURFACE, THEN PRESS B TO DIVE UNDERWATER.	
00445	0A40:0:0	대사	83	PRESS B WHEN SWIMMING ON THE SURFACE TO DIVE. WHILE UNDERWATER, PRESS A TO SWIM SLOWLY OR B TO SWIM QUICKLY.	
00446	0A41:0:0	대사	83	BANJO, IT'S TIME FOR YOU TO LEARN THE CLAW SWIPE ATTACK.	
00447	0A41:0:2	대사	83	SIMPLY PRESS B WHEN STANDING STILL OR MOVING SLOWLY.	
00448	0A41:0:4	대사	83	WELL, HOW ABOUT BIRD BRAIN?	
00449	0A41:0:6	대사	83	ONLY KIDDING, LET ME FIND SOMETHING WITH A CHALLENGE.	
00450	0A41:0:8	대사	83	AHH...THERE'S TOPPER. WHACK HIM BANJO!	
00451	0A41:1:1	대사	80	WHAT IS IT...I MUST KNOW!	
00452	0A41:1:3	대사	80	SOUNDS GOOD, WHAT CAN I TRY IT OUT ON?	
00453	0A41:1:5	대사	81	JUST TRY IT, BOTTLE BOY!	
00454	0A42:0:0	대사	83	PRESS B WHILE STANDING STILL FOR A CLAW SWIPE. RUN AND PRESS B TO USE THE ROLLING ATTACK. JUMP AND PRESS B FOR YOUR JUMPING PECK MOVE.	
00455	0A43:0:0	대사	83	HEY BANJO, I HOPE YOU'RE NOT AFRAID OF HEIGHTS...	
00456	0A43:0:2	대사	83	NOT YET! BANJO, JUMP ONTO A TREE, THEN USE THE CONTROL STICK TO CLIMB UP OR DOWN!	
00457	0A43:1:1	대사	81	I'M NOT! TELL ME ABOUT FLYING, ROOT MUNCHER!	
00458	0A44:0:0	대사	83	YOU'LL FIND PLENTY OF OTHER THINGS TO CLIMB!	
00459	0A45:0:0	대사	83	JUMP ONTO A TREE AND USE THE CONTROL STICK TO CLIMB UP AND DOWN.	
00460	0A46:0:0	대사	83	MY BEAK BARGE ATTACK NEEDS THE HELP OF OLD CHICKEN LEGS.	
00461	0A46:0:2	대사	83	HOLD Z, THEN PRESS B FOR A POWERFUL BEAKY BARGE!	
00462	0A46:1:1	대사	81	AT LEAST I'VE GOT SOME LEGS, SHORT STUFF!	
00463	0A47:0:0	대사	83	SEE BANJO, SHE IS USEFUL FOR SOMETHING!	
00464	0A47:1:1	대사	81	I'M TRYING THIS MOVE OUT ON YOU NEXT, JAM JARS!	
00465	0A48:0:0	대사	83	HOLD Z, THEN PRESS B TO USE THE BEAK BARGE.	
00466	0A49:0:1	대사	83	EXPLORE THIS AREA AND LOOK OUT FOR MY MOLEHILLS. STAND NEXT TO THEM AND PRESS B TO CALL ME. SEE YOU SOON!	
00467	0A49:1:0	대사	80	WE'D LIKE SOME HELP BOTTLES, WHAT DO WE DO?	
00468	0A4A:0:0	대사	83	FIND ANOTHER MOLEHILL AND PRESS B, I'LL SPEAK TO YOU THERE.	
00469	0A4B:0:1	대사	83	MMM...VERY WELL. I'LL GIVE YOU YOUR BASIC MOVES,	
00470	0A4B:0:3	대사	83	MEET ME AT THE TOP OF SPIRAL MOUNTAIN.	
00471	0A4B:1:0	대사	81	YOU BET WE'RE GOOD ENOUGH, BOTTLE BRAIN!	
00472	0A4C:0:0	대사	83	YOU SAID YOU DIDN'T NEED MY HELP, SO YOU'RE ON YOUR OWN UNTIL YOU GET INSIDE!	
00473	0A4D:0:0	대사	83	I'M STILL NOT HELPING YOU, SO GO AWAY!	
00474	0A4E:0:0	대사	83	THIS ISN'T FUNNY NOW, STOP CALLING ME!	
00475	0A4F:0:0	대사	83	THIS IS YOUR LAST WARNING, DON'T DO IT AGAIN!	
00476	0A50:0:0	대사	83	YOU'VE ASKED FOR THIS...I'M ERASING YOUR GAME PAK!	
00477	0A50:0:1	대사	83	3.....	
00478	0A50:0:2	대사	83	2.....	
00479	0A50:0:3	대사	83	1.....	
00480	0A50:0:5	대사	83	OKAY, LET'S GET ON WITH RESCUING TOOTY THEN SHALL WE?	
00481	0A50:1:1	대사	80	NO! WE'RE SORRY BOTTLES, WE WON'T DO IT AGAIN!	
00482	0A51:0:0	대사	83	STOP WASTING TIME, BANJO! TOOTY NEEDS RESCUING!	
00483	0A52:0:0	대사	83	HEY! WHERE ARE YOU GUYS GOING?	
00484	0A52:0:2	대사	83	YOU HAVEN'T LEARNED ALL THE BASICS YET, SHE'LL KICK YOUR BUTT!	
00485	0A52:0:4	대사	83	THE BRIDGE IS BROKEN AND I'M NOT FIXING IT UNTIL YOU LEARN ALL THE MOVES.	
00486	0A52:1:1	대사	80	WE'RE OFF TO WHACK THE WITCH AND RESCUE TOOTY!	
00487	0A52:1:3	대사	81	SHE CAN TRY, THE OLD HAG!	
00488	0A52:1:5	대사	80	C'MON KAZOOIE, LET'S GO AND FIND THE ONES WE MISSED...	
00489	0A53:0:0	대사	83	I'M NOT FIXING THE BRIDGE YET, YOU'VE STILL GOT MOVES TO LEARN BEFORE YOU CAN GO AFTER TOOTY!	
00490	0A54:0:0	대사	83	THAT'S IT, YOU'VE LEARNED ALL THE BASIC MOVES! MEET ME AT THE TOP OF THE SPIRAL MOUNTAIN AND I'LL TELL YOU WHAT TO DO NEXT.	
00491	0A55:0:0	대사	83	WELL DONE GUYS, YOU'RE READY TO TACKLE THE WITCH NOW!	
00492	0A55:0:2	대사	83	I'VE FIXED THE BRIDGE SO YOU CAN CROSS IT AND ENTER GRUNTILDA'S LAIR.	
00493	0A55:0:4	대사	83	LOOK OUT FOR ME INSIDE...GOOD LUCK!	
00494	0A55:1:1	대사	81	WE SURE ARE! SHOW US THE WAY, BOTTLE BOY!	
00495	0A55:1:3	대사	80	THANKS BOTTLES.	
00496	0A56:0:0	대사	83	WOW...NICE ONE! TRY ANOTHER!	
00497	0A56:1:1	대사	81	HEY! I WANT SOME MOVES!	
00498	0A57:0:0	대사	83	NOW TRY MY FEARSOME FORWARD ROLL.	
00499	0A57:0:2	대사	83	ROLL BY RUNNING AND PRESSING B, I'LL SEE IF I CAN FIND BAWL FOR YOU TO PRACTICE ON...	
00500	0A57:1:1	대사	81	I WANT TO LEARN TO FLY NOW!	
00501	0A58:0:0	대사	83	BULLS-EYE! ONE MORE...	
00502	0A58:1:1	대사	81	STOP ROLLING, I FEEL SICK!	
00503	0A59:0:0	대사	83	IT'S TIME FOR THE BUZZARD TO LEARN A TRICK.	
00504	0A59:0:2	대사	83	TRY OUT THE RAT-A-TAT RAP BY JUMPING AND PRESSING B IN THE AIR. NOW WHERE'S COLLYWOBBLE?	
00505	0A59:1:1	대사	81	IT HAD BETTER BE A GOOD ONE, SQUINTY!	
00506	0A5A:0:0	대사	83	MMMM...NOT BAD, FEATHER FACE!	
00507	0A5A:1:1	대사	81	GIVE ME ANOTHER, BOGEYES!	
00508	0A5B:0:0	대사	83	YOU'VE LEARNED ALL OF THE BASIC ATTACKS NOW. SEE YOU AROUND!	
00509	0A5C:0:0	대사	83	PRESS A TO JUMP, IT'S REAL EASY!	
00510	0A5D:0:0	대사	83	COME ON BANJO! JUMP, THEN PRESS A AGAIN IN THE AIR!	
00511	0A5E:0:0	대사	83	HOLD Z THEN PRESS A. GO FOR IT!	
00512	0A5F:0:0	대사	83	PRESS A TO LEARN MY MOVES OR B TO START RIGHT AWAY!	
00513	0A60:0:0	대사	83	SO YOU'RE READY TO TACKLE THE WITCH NOW?	
00514	0A60:0:2	대사	83	CROSS THE BRIDGE TO ENTER GRUNTILDA'S LAIR.  LOOK OUT FOR ME INSIDE... GOOD LUCK!	
00515	0A60:1:1	대사	81	WE SURE ARE! SHOW US THE WAY, BOTTLE BOY!	
00516	0A61:0:0	대사	83	PRESS A IF YOU WANT ME TO TEACH YOU SOME BASIC MOVES, OR PRESS B IF YOU THINK YOU'RE ALREADY GOOD ENOUGH!	
00517	0A62:0:0	대사	83	OH...I'M AFRAID I CAN'T TELL YOU ANYMORE ABOUT THIS HIDDEN FEATURE UNTIL YOU COLLECT THE JIGSAW FROM THE SANDCASTLE GAME IN TREASURE TROVE COVE.	
00518	0A62:0:2	대사	83	NO! ONLY WHEN YOU'VE GOT THE SANDCASTLE JIGSAW.	
00519	0A62:1:1	대사	81	TELL US NOW, BARREL BOY!	
00520	0A62:1:3	대사	80	C'MON KAZOOIE, LET'S COME BACK LATER...	
00521	0A63:0:0	대사	83	WAHAY! YOU'VE FOUND MY SECRET 'MOVING PICTURE' GAME! COMPLETE THIS PUZZLE AND YOU CAN WIN A MYSTERY PRIZE!	
00522	0A63:0:2	대사	83	ERRR...MAYBE! NOW WATCH THIS!	
00523	0A63:1:1	대사	81	IT BETTER BE GOOD, SOIL BRAIN! DO I GET SOME NEW MOVES?	
00524	0A64:0:0	대사	83	YOU CAN USE THE CONTROL STICK TO MOVE BANJO'S HAND, THEN PRESS A WHEN IT IS OVER A PIECE TO PICK IT UP.	
00525	0A64:0:1	대사	83	WHILE A PIECE IS HELD, YOU CAN PRESS A TO PLACE IT DOWN, B TO RETURN IT TO THE SIDE OR THE LEFT AND RIGHT C BUTTONS TO ROTATE IT.	
00526	0A64:0:2	대사	83	COMPLETE THE PICTURE WITHIN THE TIME LIMIT TO WIN. GO ON, HAVE A GO!	
00527	0A65:0:0	대사	83	PRESS THE Z TO READ THE INSTRUCTIONS AGAIN, OR START TO QUIT OUT OF THE GAME AT ANY TIME.	
00528	0A66:0:0	대사	83	USE THE CONTROL STICK TO MOVE BANJO'S HAND. PRESS A TO PICK UP AND PUT DOWN PIECES, B TO RETURN THEM TO THE SIDE OR THE LEFT AND RIGHT C BUTTONS TO ROTATE THEM.	
00529	0A67:0:0	대사	83	WHAT'S WRONG BEAKY, IS MY GAME TOO HARD FOR YOU?	
00530	0A68:0:0	대사	83	TOUGH LUCK GUYS, YOU'RE OUT OF TIME. WHY NOT TRY AGAIN?	
00531	0A69:0:0	대사	83	HEY, YOU DID IT!	
00532	0A69:0:2	대사	83	LISTEN CAREFULLY AND I'LL TELL YOU...	
00533	0A69:0:3	대사	83	USE THE TILES ON THE FLOOR OF THE SANDCASTLE IN TREASURE TROVE COVE TO SPELL THE WORD 'BOTTLESBONUSONE'.	
00534	0A69:0:4	대사	83	GO AND GIVE IT A TRY!	
00535	0A69:1:1	대사	81	IT WAS EASY BEETLE BREATH, WHAT DO WE WIN?	
00536	0A6A:0:0	대사	83	YOU CAN ALSO TRY LEVEL 2 OF MY GAME IF YOU LIKE. JUST LOOK AT THE PICTURE AGAIN!	
00537	0A6B:0:0	대사	83	YIPPEE, THAT'S IT! NOW GO AND ENTER THE WORD 'BOTTLESBONUSTWO' ON THE SANDCASTLE FLOOR!	
00538	0A6C:0:0	대사	83	WHY NOT TRY LEVEL 3 NOW?	
00539	0A6D:0:0	대사	83	WOW, NICE GOING! TRY THE WORD 'BOTTLESBONUSTHREE' THIS TIME!	
00540	0A6E:0:0	대사	83	GO ON, GIVE LEVEL 4 A GO!	
00541	0A6F:0:0	대사	83	EASY, HUH? YOU CAN NOW GO AND SEE WHAT THE WORD 'BOTTLESBONUSFOUR' DOES!	
00542	0A70:0:0	대사	83	HEY, LEVEL 5 IS WAITING FOR YOU!	
00543	0A71:0:0	대사	83	COR, I'M IMPRESSED! GO AND TRY 'BOTTLESBONUSFIVE'!	
00544	0A72:0:0	대사	83	JUST ONE MORE LEVEL LEFT GUYS...	
00545	0A73:0:0	대사	83	WELL, I DIDN'T THINK ANYONE WOULD DO THAT ONE, WELL DONE! HERE'S YOUR LAST PRIZE, IT'S 'BIGBOTTLESBONUS!'	
00546	0A74:0:0	대사	83	ERR...I'VE GOT NO MORE GAMES LEFT FOR YOU TO PLAY NOW...	
00547	0A75:0:0	대사	83	HA...FOOLED YOU! I'VE GOT ONE REALLY SPECIAL PRIZE LEFT. LET'S SEE YOU DO THIS ONE, FEATHER FACE!	
00548	0A75:0:2	대사	83	HERE WE GO...	
00549	0A75:1:1	대사	81	I'M READY, GOGGLES!	
00550	0A76:0:0	대사	83	HEY, YOU MUST HAVE CHEATED TO DO THAT!	
00551	0A76:0:2	대사	83	OH...VERY WELL. ENTER THE CODE 'WISHYWASHYBANJO' FOR SOME GOOD CLEAN FUN!	
00552	0A76:1:1	대사	81	NO WAY, BUG SLURPER! NOW HAND OVER THE SPECIAL PRIZE!	
00553	0A77:0:0	대사	83	HERE'S A REMINDER OF MY SECRET CODES - BOTTLESBONUSONE, BOTTLESBONUSTWO, BOTTLESBONUSTHREE, BOTTLESBONUSFOUR, BOTTLESBONUSFIVE, BIGBOTTLESBONUS AND WISHYWASHYBANJO!	
00554	0A78:0:0	대사	83	HA...HA...HA...LOOK AT YOU!	
00555	0A78:0:1	대사	83	TO CHANGE BACK, JUST TYPE 'NOBONUS'.	
00556	0A79:0:0	대사	83	STOP WASTING TIME, BANJO! GRUNTILDA NEEDS DEFEATING!	
00557	0A7A:0:0	대사	83	BANJO! IF YOU USE A THIRD CHEAT CODE YOUR GAME PAK WILL BE ERASED! ARE YOU SURE YOU WANT TO DO THIS? PRESS A FOR YES OR B FOR NO...	
00558	0A7B:0:0	대사	84	FIND FIRST SECRET ON THE BEACH!	
00559	0A7B:0:2	대사	84	HURRR...HURRR...MUMBO NOT TELLING!	
00560	0A7B:1:1	대사	81	HEY SHORTY, HOW DID YOU MAKE THAT ROCK RISE UP?	
00561	0A7C:0:1	대사	84	BEAR AND BIRD MUST CLIMB TO TOP...	
00562	0A7C:0:3	대사	84	WAIT AND SEE, O FILTHY FEATHERED ONE...	
00563	0A7C:1:0	대사	80	WOW...A SECRET CAVERN!	
00564	0A7C:1:2	대사	81	WHAT'S UP THERE, DUMBSKULL?	
00565	0A7C:1:4	대사	80	GULP...IT LOOKS RATHER HIGH...	
00566	0A7C:1:5	대사	81	DON'T WORRY BANJO, IT LOOKS LIKE I HAVE TO GET US UP THERE!	
00567	0A7D:0:0	대사	84	NEXT SECRET FOUND IN SNOW!	
00568	0A7D:1:1	대사	80	THAT'S WOZZA'S CAVE...	
00569	0A7E:0:1	대사	84	BIRD BE QUIET, WATCH PICTURE...	
00570	0A7E:1:0	대사	80	WE'VE ALREADY BEEN IN HERE...	
00571	0A7E:1:1	대사	81	HEY, WHAT WAS THAT EGG FOR ON THE BEACH? TELL US!	
00572	0A7E:1:3	대사	81	WHAT'S THROUGH HERE?	
00573	0A7E:1:4	대사	80	CORRR, A GIANT ICE KEY!	
00574	0A7E:1:5	대사	81	I KNOW WHERE I'D LIKE TO STICK THAT...	
00575	0A7E:1:6	대사	80	KAZOOIE!!!	
00576	0A7F:0:0	대사	84	ANOTHER SECRET CAN GET IN DESERT!	
00577	0A80:0:1	대사	84	NO, BIRD RUDE TO MUMBO, NOT TELL!	
00578	0A80:1:0	대사	81	NICE MUMBO, PLEASE TELL US WHAT THE EGGS AND KEY ARE FOR...	
00579	0A80:1:2	대사	80	I WONDER WHAT'S IN HERE?	
00580	0A80:1:3	대사	81	HUH, IT'S ONLY ANOTHER STUPID EGG...	
00581	0A81:0:0	대사	B5	DINGPOT, DINGPOT BY THE BENCH,	
00582	0A81:0:1	대사	B5	WHO IS THE NICEST LOOKING WENCH?	
00583	0A81:0:2	대사	D8	WHY IT'S GRUNTY ANY DAY,	
00584	0A81:0:3	대사	D8	SHE REALLY TAKES MY BREATH AWAY...COUGH!	
00585	0A81:0:4	대사	B5	YES YOU'RE RIGHT, I'M RATHER PROUD,	
00586	0A81:0:5	대사	B5	MY LOOKS STAND ME OUT FROM THE CROWD!	
00587	0A82:0:0	대사	D8	ERR...BUT THERE IS THIS GIRL...	
00588	0A82:0:1	대사	B5	WHAT D'YOU MEAN, THIS CANNOT BE,	
00589	0A82:0:2	대사	B5	THERE'S NO ONE PRETTIER THAN ME!	
00590	0A82:0:3	대사	D8	WHY, IT'S TOOTY, YOUNG AND SMALL,	
00591	0A82:0:4	대사	D8	SHE'S THE PRETTIEST GIRL OF ALL!	
00592	0A82:0:5	대사	B5	NO NO NO YOU MUST BE MAD,	
00593	0A82:0:6	대사	B5	NICER BEAUTY CAN'T BE HAD!	
00594	0A82:0:7	대사	D8	UNFORTUNATELY I THINK YOU'LL FIND,	
00595	0A82:0:8	대사	D8	IT'S TOOTY, SHE'S CUTE AND KIND!	
00596	0A83:0:0	대사	B5	WELL...WE'LL SEE ABOUT THAT!	
00597	0A84:0:0	대사	83	HI THERE TOOTY, WHAT ARE YOU GOING TO DO TODAY?	
00598	0A84:1:1	대사	B6	WHEN MY BIG LAZY BROTHER WAKES UP, WE'RE GOING ON AN ADVENTURE!	
00599	0A85:1:0	대사	81	WAKE UP, I WANT TO GO ON AN ADVENTURE TOO...	
00600	0A86:0:0	대사	B5	IF TOOTY THINKS SHE'S FAIRER THAN ME,	
00601	0A86:0:1	대사	B5	I'LL STEAL HER LOOKS AND UGLY SHE'LL BE!	
00602	0A87:0:0	대사	83	IS THAT YOUR BROTHER?	
00603	0A87:0:2	대사	83	UP THERE IN THE SKY!	
00604	0A87:1:1	대사	B6	WHERE, MR. MOLE? I CAN'T SEE HIM...	
00605	0A88:1:0	대사	B6	I DON'T THINK SO. WHO IS THAT?	
00606	0A89:0:0	대사	B5	COME TO ME, MY LITTLE PRETTY,	
00607	0A89:0:1	대사	B5	YOU'LL SOON BE UGLY, WHAT A PITY!	
00608	0A8A:1:0	대사	B6	LET ME GO, YOU UGLY OLD HAG!	
00609	0A8B:0:0	대사	B5	DON'T SCRATCH AND BITE, MY LITTLE BEAR,	
00610	0A8B:0:1	대사	B5	YOU'LL SOON NEED BIGGER UNDERWEAR!	
00611	0A8C:0:0	대사	83	OH NO, SHE'S GOT HER! SOMEBODY......HELP!	
00612	0A8D:1:0	대사	81	BANJO! WAKE UP......NOW!	
00613	0A8E:1:0	대사	80	YAWN...WHAT DO YOU WANT KAZOOIE?	
00614	0A8F:1:0	대사	81	LET'S GET OUTSIDE, THERE'S TROUBLE!	
00615	0A90:0:0	대사	B5	THIS FINE CONTRAPTION SO I'M TOLD,	
00616	0A90:0:1	대사	B5	WILL MAKE ME YOUNG AND TOOTY OLD!	
00617	0A90:0:3	대사	B5	RESCUE YOU HE WILL NOT DARE,	
00618	0A90:0:4	대사	B5	THERE'S MANY DANGERS IN MY LAIR!	
00619	0A90:0:5	대사	B5	HURRY KLUNGO, PUSH THAT SWITCH,	
00620	0A90:0:6	대사	B5	I'M TIRED OF BEING AN UGLY WITCH!	
00621	0A90:0:7	대사	D2	YESSS MISSSTRESSS GRUNTY! POWER ISSS ON, SSSOON BE READY...	
00622	0A90:1:1	대사	B6	LET ME GO, YOU FAT HAG! MY BROTHER WILL COME	
00623	0A90:1:2	대사	B6	AND KICK YOUR BUTT!	
00624	0A90:1:4	대사	B6	BANJO............HELP!	
00625	0A91:0:0	대사	B5	BANJO'S GAME ENDS IN MY TOWER,	
00626	0A91:0:1	대사	B5	TURN IT UP I NEED FULL POWER!	
00627	0A92:0:0	대사	D2	YESSS YOUR GRUNTYSSSHIP, TRANSSSFORMATION SSSOON BE COMPLETE...	
00628	0A93:0:1	대사	D2	BEAR AND BIRD FINISSSHED, GRUNTY WINSSS!	
00629	0A93:1:0	대사	CC	{FD}hHELP {FD}hME {FD}hBANJO, {FD}hI {FD}hFEEL {FD}hALL {FD}hFUNNY...{FD}l	
00630	0A94:0:0	대사	D3	LOOK AT GRUNTY SHE'S A BEAUTY,	
00631	0A94:0:1	대사	D3	I'M MUCH PRETTIER THAN TOOTY!	
00632	0A94:0:2	대사	D2	OH YOU ARE MISSSTRESSS!	
00633	0A95:1:0	대사	CC	BANJO.......	
00634	0A96:1:0	대사	CC	BANJO.......	
00635	0A97:0:0	대사	D4	BANJO! YOUR SISTER WANTS A WORD WITH YOU.........	
00636	0A97:0:1	대사	D4	NOW!	
00637	0A98:0:0	대사	84	BEAR AND BIRD DID GOOD, HELPED MUMBO BEAT WITCH!	
00638	0A99:0:0	대사	83	YEAH, BUT THEY NEEDED MY AMAZING MOVES TO DO IT!	
00639	0A9A:1:0	대사	81	NO WAY...ME AND BANJO WERE THE STARS OF THIS GAME!	
00640	0A9B:1:0	대사	B6	WHAT'S THE PARTY FOR? GRUNTY GOT AWAY, SO GET BACK UP THERE AND FINISH THE JOB!	
00641	0A9C:1:0	대사	81	I'M NOT GOING!	
00642	0A9C:1:1	대사	80	OUCH! YES YOU ARE, LET'S GO!	
00643	0A9D:0:0	대사	84	GRUNTY NICE, COME BACK TO MUMBO'S SKULL, YES?	
00644	0A9E:1:0	대사	80	AHHH...THIS IS GREAT! HAVE WE FINISHED NOW TOOTY, CAN I RELAX?	
00645	0A9F:1:0	대사	B6	SURE BANJO, YOU AND KAZOOIE ARE HEROES NOW!	
00646	0AA0:1:0	대사	81	DID YOU HEAR THAT, SHORTY? I'M A HERO!	
00647	0AA1:0:0	대사	83	MMM...YES, I SUPPOSE YOU ARE. WELL DONE KAZOOIE!	
00648	0AA2:1:0	대사	81	THANKS GOGGLES, YOU'RE NOT SO DUMB AFTER ALL!	
00649	0AA2:1:1	대사	80	THAT'S ENOUGH KAZOOIE, LET'S ALL WATCH THE CAST LIST NOW...	
00650	0AA3:0:0	대사	84	HEY...MUMBO GOT SECRET PICTURES!	
00651	0AA4:1:0	대사	81	NICE ONE, BONE BRAIN! WHAT'S ON THEM?	
00652	0AA5:0:0	대사	84	GOT PICTURES OF THINGS YOU MISSED. SECRETS USED IN NEXT GAME!	
00653	0AA6:1:0	대사	80	OOOH...DID YOU HEAR THAT KAZOOIE? WE'RE GOING TO BE IN ANOTHER GAME!	
00654	0AA6:1:1	대사	81	GREAT, SO LET'S SEE THE PICTURES THEN, SKIRT BOY!	
00655	0AA7:0:0	대사	84	DID YOU GET ALL 100 JIGSAW PIECES?	
00656	0AA8:1:0	대사	80	ERR...I DON'T THINK SO. WE ONLY GOT ~ OF THEM...	
00657	0AA9:0:0	대사	84	SORRY, ONLY BEST PLAYERS SEE PICTURES. GET 100 PIECES AND MUMBO SHOW YOU!	
00658	0AAA:1:0	대사	81	THAT'S NOT FAIR! CAN'T WE JUST HAVE A QUICK PEEK?	
00659	0AAB:0:0	대사	84	NO! MUMBO GO NOW, GOT HOT DATE!	
00660	0AAC:1:0	대사	B6	PERHAPS YOU HAVEN'T FINISHED AFTER ALL! WHY DON'T YOU GO BACK AND LOOK FOR THE MISSING PIECES?	
00661	0AAD:1:0	대사	81	YEAH...I WANT TO SEE THOSE PICTURES!	
00662	0AAE:0:0	대사	DA	STUPID BEAR AND DUMB KAZOOIE,	
00663	0AAE:0:1	대사	DA	I'LL BE BACK FOR	
00664	0AAE:0:2	대사	DA	BANJO-TOOIE!	
00665	0AAF:1:0	대사	80	WE SURE DID, MR. MUMBO!	
00666	0AAF:1:1	대사	81	YEAH...SO SHOW US YOUR SECRETS, MASK MIDGET!	
00667	0AB0:0:0	대사	84	PICTURES SHOW THINGS YOU MISSED. SECRETS THAT ARE FOR NEW GAME	
00668	0AB0:0:1	대사	84	BANJO-TOOIE!	
00669	0AB1:1:0	대사	80	BANJO-TOOIE! SOUNDS GREAT, IS IT ANY GOOD?	
00670	0AB2:0:0	대사	84	MUMBO'S JAW DROPPED IN AWE...	
00671	0AB3:1:0	대사	81	HEY...WHY ISN'T IT CALLED BANJO-KAZOOIE-TOOIE? I'D BETTER BE IN IT TOO, SHORT STUFF!	
00672	0AB4:0:0	대사	84	BANJO-TOOIE MAKE BANJO-KAZOOIE LOOK LIKE JOKE. MUMBO SHOW YOU PICTURES OF STUFF CAN USE IN NEW GAME! HERE, TAKE LOOK...	
00673	0AB5:0:1	대사	84	MUMBO NOT TELLING. FIND OUT IN	
00674	0AB5:0:2	대사	84	BANJO-TOOIE!	
00675	0AB5:1:0	대사	80	WOW! HOW DO WE GET TO THOSE?	
00676	0AB6:0:0	대사	DA	ALL THE JIGGIES YOU DID SNATCH,	
00677	0AB6:0:1	대사	DA	BUT I'LL BE BACK FOR MY REMATCH!	
00678	0AB7:0:0	대사	D2	HRNN...KLUNGO PUSSSH NASSTY ROCK! DON'T WORRY MISSSTRESSS, I'LL SSSAVE YOU!	
00679	0AB8:0:0	대사	D2	GRNN...ROCK SSSO HEAVY, BUT KLUNGO MUSSST RESSSCUE MISSSTRESSS!	
00680	0AB9:0:0	대사	DA	GRNN...	
00681	0ABA:0:0	대사	DA	GRRRNNNN!!!	
00682	0ABB:0:0	대사	DA	GASP...TOO HEAVY...	
00683	0ABC:0:0	대사	DA	GRUNTY'S FATE THIS SHOULD NOT BE,	
00684	0ABC:0:1	대사	DA	SO HURRY KLUNGO RESCUE ME!	
00685	0ABD:0:0	대사	A3	HEY...IT'S ME, MR. JIGGY! NOW GO AND FIND A PICTURE WITH A PIECE MISSING.	
00686	0ABE:0:0	대사	83	TO ENTER THE WORLD SHOWN ON THE PICTURE, YOU MUST FILL IN THE MISSING SPACES WITH THE JIGSAW PIECES.	
00687	0ABE:0:2	대사	83	I THINK I SAW ONE NEAR THE LAIR ENTRANCE, COME BACK WHEN YOU'VE FOUND IT.	
00688	0ABE:1:1	대사	80	ERR...I DON'T THINK WE'VE FOUND ANY OF THOSE YET...	
00689	0ABF:0:0	대사	83	TO ENTER THE WORLD SHOWN ON THE PICTURE, YOU MUST FILL IN THE MISSING SPACES WITH THE JIGSAW PIECES.	
00690	0ABF:0:2	대사	83	GREAT! TO FILL IN THE MISSING SPACES ON A PICTURE, PRESS A. IF YOU DON'T WANT TO USE ANY JIGSAW PIECES, PRESS B TO LEAVE.	
00691	0ABF:1:1	대사	82	WE'VE GOT THE FIRST JIGSAW PIECE, GOGGLE BOY!	
00692	0AC0:0:1	대사	83	GREAT! TO FILL IN THE MISSING SPACES ON A PICTURE, PRESS A. IF YOU DON'T WANT TO USE ANY JIGSAW PIECES, PRESS B TO LEAVE.	
00693	0AC0:1:0	대사	82	WE'VE GOT THE FIRST JIGSAW PIECE, GOGGLE BOY!	
00694	0AC1:0:0	대사	84	MUMBO MAGIC GET WEAK. ANIMAL TURN BACK OR MAGIC GO...	
00695	0AC2:0:0	대사	84	MUMBO MAGIC GET WEAK...	
00696	0AC3:0:0	대사	84	MAGIC ALL GONE, MUST GO BACK TO BEAR AND BIRD NOW...	
00697	0AC4:0:0	대사	84	MAGIC RUN OUT...	
00698	0ACA:0:0	대사	83	THIS IS A NOTE DOOR, SEALED BY GRUNTY WITH ONE OF HER POWERFUL MUSICAL SPELLS.	
00699	0ACA:0:2	대사	83	IT'S NOT THAT SIMPLE. TO OPEN IT, YOU MUST COLLECT THE MUSICAL NOTES FROM THE WORLDS.	
00700	0ACA:0:4	대사	83	THE NUMBER ON THE DOOR IS THE STRENGTH OF THE SPELL. THE COMBINED TOTAL OF ALL YOUR BEST NOTE SCORES FROM THE WORLDS MUST BE AT LEAST THIS TO BREAK GRUNTY'S MAGIC.	
00701	0ACA:1:1	대사	82	OPEN IT UP THEN, JAM JARS!	
00702	0ACA:1:3	대사	80	HOW MANY DO WE NEED?	
00703	0ACB:0:0	대사	83	TO OPEN A NOTE DOOR, THE COMBINED TOTAL OF ALL YOUR BEST NOTE SCORES FROM THE WORLDS MUST BE AT LEAST THE NUMBER ON THE DOOR.	
00704	0ACC:0:0	대사	B5	THERE HE IS, THE FUN BEGINS,	
00705	0ACC:0:1	대사	B5	MY TRICKS AND TRAPS WILL SEE WHO WINS!	
00706	0ACD:0:0	대사	B5	THAT DOOR WAS EASY YOU GOT PAST,	
00707	0ACD:0:1	대사	B5	UNFORTUNATELY YOUR FIRST AND LAST!	
00708	0ACE:0:0	대사	83	THERE ARE THREE NEW MOVES TO LEARN IN THIS WORLD. FIND MY MOLEHILLS AND I'LL EXPLAIN.	
00709	0ACF:0:0	대사	83	AHOY THERE! THIS BE TREASURE TROVE COVE. THAR BE TWO NEW MOVES FOR YE TO FIND.	
00710	0AD0:0:0	대사	83	JUST THE ONE NEW MOVE TO FIND THIS TIME, BUT IT'S HIDDEN WELL!	
00711	0AD1:0:0	대사	83	KEEP YOUR EYES OPEN FOR YOUR NEW MOVE, BEAK FACE!	
00712	0AD2:0:0	대사	83	THE PEAK'S GOT ANOTHER NEW MOVE WAITING FOR YOU IF YOU CAN FIND IT!	
00713	0AD3:0:0	대사	83	YOU'LL FIND ONE MORE MOVE IN HERE, BANJO.	
00714	0AD4:0:0	대사	83	WAIT! YOU DIDN'T LEARN ALL THE NEW MOVES IN MUMBO'S MOUNTAIN! YOU WON'T GET FAR WITHOUT THEM...	
00715	0AD5:0:0	대사	83	HEY! THERE'S AT LEAST ONE NEW MOVE YOU MISSED. THAT'S THE REAL TREASURE!	
00716	0AD6:0:0	대사	83	YOU DIDN'T SPLASH AROUND ENOUGH TO FIND THE NEW MOVE IN THERE, DID YOU?	
00717	0AD7:0:0	대사	83	WADE BACK IN THERE AND FIND THAT NEW MOVE YOU JUST MISSED IF YOU WANT TO BEAT GRUNTY!	
00718	0AD8:0:0	대사	83	HOLD IT, BANJO, HADN'T YOU BETTER SLIDE BACK IN AND FIND THAT NEW MOVE?	
00719	0AD9:0:0	대사	83	DON'T DESERT THE VALLEY WITHOUT FINDING THE NEW MOVE! I'M SURE YOU'LL BE NEEDING IT LATER...	
00720	0ADA:0:0	대사	83	YIPPEE! YOU'VE COLLECTED ENOUGH NOTES TO BREAK THE FIRST NOTE DOOR SPELL!	
00721	0ADB:0:0	대사	83	GRUNTY'S MAGIC STOPS YOU TAKING THE NOTES OFF THE WORLD, BUT THE ~ YOU JUST COLLECTED COUNTS AS YOUR BEST NOTE SCORE. TRY TO GET 100 ON EACH WORLD, AS THEY ARE NEEDED TO OPEN THE NOTE DOORS!	
00722	0ADC:0:0	대사	83	WAHAY! YOU JUST PASSED YOUR BEST NOTE SCORE FOR THIS WORLD!	
00723	0ADD:0:0	대사	83	WOW! YOUR BEST NOTE SCORE FOR THIS WORLD IS NOW ~!	
00724	0ADE:0:0	대사	83	YOU'VE FOUND ALL 100 NOTES ON THIS WORLD, WELL DONE!	
00725	0ADF:0:0	대사	CA	YOU'VE ACTIVATED A MAGIC CAULDRON! FIND TWO THE SAME COLOR TO CREATE A SHORT CUT!	
00726	0AE0:0:0	대사	CA	THAT'S IT, YOU'VE CREATED A SHORT CUT! HOP IN AND SEE!	
00727	0AE1:0:0	대사	83	YOU'VE FOUND A JIGSAW PICTURE! STAND ON THE JIGSAW SHAPED PODIUM AND I'LL EXPLAIN WHAT YOU HAVE TO DO.	
00728	0AE2:0:0	대사	83	TO REMOVE PIECES THAT YOU HAVE ALREADY PUT DOWN, PRESS THE DOWN C BUTTON. BUT ONCE THE PICTURE IS COMPLETE, ALL THE PIECES ARE STUCK THERE PERMANENTLY!	
00729	0AE3:0:0	대사	83	IF YOU WANT TO PLACE ALL YOUR PIECES INTO THE PICTURE, JUST PRESS Z!	
00730	0AE4:0:0	대사	83	THAT'S IT! THE PICTURE'S COMPLETE AND THE DOOR TO MUMBO'S MOUNTAIN IS OPEN!	
00731	0AE4:0:1	대사	B5	THAT WAS SUCH AN EASY FIT,	
00732	0AE4:0:2	대사	B5	THE OTHERS MAY JUST TEST YOUR WIT!	
00733	0AE5:0:0	대사	83	THIS IS THE FIRST WORLD, MUMBO'S MOUNTAIN. TO OPEN THE DOOR YOU'LL NEED TO FIND THE JIGSAW PICTURE WITH AN IMAGE OF THIS AREA ON IT. HAVE A LOOK AROUND, IT CAN'T BE FAR AWAY.	
00734	0AE6:0:0	대사	83	THIS IS THE FIRST WORLD, MUMBO'S MOUNTAIN. COMPLETE THE JIGSAW PICTURE TO OPEN THE DOOR.	
00735	0AE7:0:0	대사	B5	WHAT'S WRONG BANJO, IS IT TOUGH?	
00736	0AE7:0:1	대사	B5	LET ME KNOW WHEN YOU'VE HAD ENOUGH!	
00737	0AE8:0:0	대사	B5	WHEN YOU OPEN A WORLD DOOR,	
00738	0AE8:0:1	대사	B5	BADDIES ESCAPE AND ROAM ONCE MORE!	
00739	0AE9:0:0	대사	CF	CODE IS '{FD}hBLUEEGGS{FD}l'. ENTER CODE ON SANDCASTLE FLOOR IN TREASURE TROVE COVE. EGGCITING SURPRISE AWAITS!	
00740	0AEA:0:0	대사	CF	ENTER '{FD}hREDFEATHERS{FD}l' CODE ON SANDCASTLE FLOOR IN TREASURE TROVE COVE. BIRD LIKE THIS ONE!	
00741	0AEB:0:0	대사	CF	BEAT WITCH BEAR WILL IF ENTER '{FD}hGOLDFEATHERS{FD}l' CODE ON SANDCASTLE FLOOR IN TREASURE TROVE COVE.	
00742	0AEC:0:0	대사	B5	YOUR FEATHERED BUDDY, THAT YOU'VE BRUNG,	
00743	0AEC:0:1	대사	B5	USELESS LIKE A PILE OF DUNG!	
00744	0AED:0:0	대사	B5	HEY BANJO, YOU'RE LOOKING GLUM,	
00745	0AED:0:1	대사	B5	IT MUST BE HARD, BEING SO DUMB!	
00746	0AEE:0:0	대사	B5	MANY TRICKS ARE UP MY SLEEVE,	
00747	0AEE:0:1	대사	B5	TO SAVE YOURSELF YOU'D BETTER LEAVE!	
00748	0AEF:0:0	대사	B5	I CAN SEE IT'S QUITE HARD WORK,	
00749	0AEF:0:1	대사	B5	TO LUMP AROUND THAT SQUAWKING JERK!	
00750	0AF0:0:0	대사	B5	HOW BRIGHT THEY ARE, YOUR STUPID SHORTS,	
00751	0AF0:0:1	대사	B5	A TARGET FOR MY DUMB COHORTS!	
00752	0AF1:0:0	대사	B5	JOIN ME NOW AND DUMP THE BEAR,	
00753	0AF1:0:1	대사	B5	THAT LITTLE BACKPACK THEN I'LL WEAR!	
00754	0AF2:0:0	대사	B5	THAT UGLY BEAR YOU FEATHERED FREAK,	
00755	0AF2:0:1	대사	B5	IS NOTHING BUT A STUPID GEEK!	
00756	0AF3:0:0	대사	B5	IT REALLY DOES SOUND QUITE ABSURD,	
00757	0AF3:0:1	대사	B5	ADVENTURE OF A BEAR AND BIRD!	
00758	0AF4:0:0	대사	B5	YOU SIDE WITH BANJO BUT CHANGE TACK,	
00759	0AF4:0:1	대사	B5	IMAGINE YOU ON GRUNTY'S BACK!	
00760	0AF5:0:0	대사	B5	I'M STILL HERE, I WATCH YOU PLAY,	
00761	0AF5:0:1	대사	B5	BUT I CAN'T THINK OF MUCH TO SAY!	
00762	0AF6:0:0	대사	B5	WHEN THE BACK OF GRUNTY'S HAND,	
00763	0AF6:0:1	대사	B5	WHUPS YOUR BUTT YOU'LL HARDLY STAND!	
00764	0AF7:0:0	대사	B5	YOUR BUTT WILL TELL YOU, AND YOU'LL KNOW,	
00765	0AF7:0:1	대사	B5	WHEN MY BOOT SWINGS TO AND FRO!	
00766	0AF8:0:0	대사	B5	MONSTERS CHASE YOU, THEY'RE A HOUNDING,	
00767	0AF8:0:1	대사	B5	THEN YOU'LL GET A GRUNTY POUNDING!	
00768	0AF9:0:0	대사	B5	LONG OF TOOTH AND STRONG OF ARM,	
00769	0AF9:0:1	대사	B5	GRUNTY'S GOT THE LASTING CHARM!	
00770	0AFA:0:0	대사	B5	IF YOU THINK I'M RATHER SOFT,	
00771	0AFA:0:1	대사	B5	I'LL BE WAITING IN THE LOFT!	
00772	0AFB:0:0	대사	B5	CAN'T YOU GET HERE ANY FASTER?	
00773	0AFB:0:1	대사	B5	COME AND FIGHT ME I'M THE MASTER!	
00774	0AFC:0:0	대사	B5	WHY DO I TALK ALL THE TIME,	
00775	0AFC:0:1	대사	B5	IT'S REALLY HARD TO MAKE THESE RHYME!	
00776	0AFD:0:0	대사	B5	I DON'T LIKE STAIRS MUCH IN MY LAIR,	
00777	0AFD:0:1	대사	B5	THEY ALWAYS MAKE ME GASP FOR AIR!	
00778	0AFE:0:0	대사	B5	MY FILTHY BED GIVES ME A RASH,	
00779	0AFE:0:1	대사	B5	I NEVER WASH, I SAVE MY CASH!	
00780	0AFF:0:0	대사	B5	MY BELLY'S BIG, IT'S RATHER NEAT,	
00781	0AFF:0:1	대사	B5	IT'S YEARS SINCE I HAVE SEEN MY FEET!	
00782	0B00:0:0	대사	B5	I'VE LEARNED THIS SPELL, IT'S REALLY NEAT,	
00783	0B00:0:1	대사	B5	I'LL KEEP IT LATER FOR YOUR TREAT!	
00784	0B01:0:0	대사	B5	GRUNTY ADMITS SHE'S A HOG,	
00785	0B01:0:1	대사	B5	I REALLY NEED A BIG HOT DOG!	
00786	0B02:0:0	대사	B5	THIS STUPID QUEST YOU SHOULD STOP,	
00787	0B02:0:1	대사	B5	YOU WON'T GET TO ME AT THE TOP!	
00788	0B03:0:0	대사	B5	MY NEXT WORLD IS THE HARDEST YET,	
00789	0B03:0:1	대사	B5	AND YOU WILL FAIL, ON THAT I'LL BET!	
00790	0B04:0:0	대사	B5	TOOTY'S FATE IS LOOKING GRIM,	
00791	0B04:0:1	대사	B5	IT'S BECAUSE HER BROTHER'S DIM!	
00792	0B05:0:0	대사	B5	I'VE GOT THIS SKIRT SO WHEN I'M THINNER,	
00793	0B05:0:1	대사	B5	IT REALLY MAKES ME LOOK A WINNER!	
00794	0B06:0:0	대사	B5	WHEN TOOTY IS A BIG OLE LUMP,	
00795	0B06:0:1	대사	B5	I'VE JUST THE FROCK TO HIDE HER RUMP!	
00796	0B07:0:0	대사	B5	GRUNTY'S LEGS AND STOMACH THINS,	
00797	0B07:0:1	대사	B5	GOODBYE TO ALL THOSE DOUBLE CHINS!	
00798	0B08:0:0	대사	B5	WHEN I'M NICE AND SLIM ONCE MORE,	
00799	0B08:0:1	대사	B5	BURGERS, FRIES AND CHIPS GALORE!	
00800	0B09:0:0	대사	B5	TOOTY SAYS SHE'S FINE WITH ME,	
00801	0B09:0:1	대사	B5	IF YOU GO HOME I'LL SET HER FREE!	
00802	0B0A:0:0	대사	B5	GRUNTY'S PLAN IS RATHER CUNNING,	
00803	0B0A:0:1	대사	B5	WHEN I'M THIN GUYS WILL COME RUNNING!	
00804	0B0B:0:0	대사	CF	CHEATO THE SPELL BOOK YOU HAVE FOUND, MAGIC CHEATS I HAVE FOR YOU!	
00805	0B0B:0:1	대사	B5	HEY BOOK BRAIN, WHAT DID YOU SAY?	
00806	0B0B:0:2	대사	B5	YOU BETTER NOT GIVE MY SPELLS AWAY!	
00807	0B0B:0:3	대사	CF	WITCH LOST BOOK, FINDERS BEAR AND BIRD ARE, SPELL THEY GET!	
00808	0B0B:0:5	대사	CF	ONLY ONE SPELL CHEATO CAN TELL. ENTER THE CODE '~' ON SANDCASTLE FLOOR IN TREASURE TROVE COVE WORLD. HELP YOU IT WILL!	
00809	0B0B:0:10	대사	CF	HIDDEN IN LAIR OTHER SPELLBOOKS ARE, THEM YOU SHOULD FIND!	
00810	0B0B:1:1	대사	82	WE SURE DO BAG LADY! C'MON BOOK BOY, GIVE US THE SPELLS!	
00811	0B0B:1:3	대사	80	THANKS, MR. CHEATO!	
00812	0B0C:0:0	대사	CF	CHEATO BEAR AND BIRD HAVE FOUND ONCE MORE, ANOTHER SPELL THEY GET!	
00813	0B0C:0:1	대사	B5	IF ONE MORE PAGE I SEE YOU TURN,	
00814	0B0C:0:2	대사	B5	THAN GRUNTY SHALL CHEATO BURN!	
00815	0B0C:0:3	대사	CF	NASTY WITCH IS, SO CODE I SHALL TELL. ENTER '~' ON SANDCASTLE FLOOR IN TREASURE TROVE COVE!	
00816	0B0D:0:0	대사	CF	BEAR AND BIRD GETTING GOOD AT FINDING CHEATO, SO ANOTHER SPELL THEY SHALL HAVE!	
00817	0B0D:0:1	대사	B5	THAT TRAITOR BOOK HAS PUSHED ITS LUCK,	
00818	0B0D:0:2	대사	B5	SO IN THE BURNING FIRE I'LL CHUCK!	
00819	0B0D:0:3	대사	CF	FIND CHEATO WITCH WON'T! CODE YOU MUST ENTER ON SANDCASTLE FLOOR IN TREASURE TROVE IS '~'!	
00820	0B0E:0:0	대사	CF	200 EGGS ARE NOW YOURS! NOW 200 IS MAXIMUM TOO!	
00821	0B0E:0:1	대사	B5	THAT LOUSY CHEAT FOR EXTRA EGGS,	
00822	0B0E:0:2	대사	B5	WON'T HELP BEAR AND CHICKEN LEGS!	
00823	0B0F:0:0	대사	CF	BEAR AND BIRD GET 100 RED FEATHERS. 100 MAXIMUM NOW IS!	
00824	0B0F:0:1	대사	B5	ALL MY FEATHERS, IT MAKES ME SICK,	
00825	0B0F:0:2	대사	B5	FLY TO ME, YOUR BUTT I'LL KICK!	
00826	0B10:0:0	대사	CF	20 GOLD FEATHERS YOU GET! NEW MAXIMUM 20 IS!	
00827	0B10:0:1	대사	B5	GOLD FEATHERS YOU MAY HAVE TWENTY,	
00828	0B10:0:2	대사	B5	BUT BRUISES YOU'LL STILL GET PLENTY!	
00829	0B11:0:0	대사	B5	IT'S NOT OVER STUPID BEAR,	
00830	0B11:0:1	대사	B5	SEE MY PICTURE OVER THERE!	
00831	0B11:0:2	대사	B5	PIECES THAT YOU LEFT BEHIND,	
00832	0B11:0:3	대사	B5	TO BATTLE ME YOU MUST NOW FIND!	
00833	0B12:0:0	대사	B5	I'M SAD TO SAY DOWN THERE YOU'LL STOP,	
00834	0B12:0:1	대사	B5	'CUZ I'M SAFE HERE AT THE TOP!	
00835	0B13:0:1	대사	D8	OOOH! VISITORS FOR DINGPOT...I LIKE VISITORS!	
00836	0B13:0:3	대사	D8	AAAH...WHAT DOES STRANGE BIRDY THING MEAN?	
00837	0B13:0:5	대사	D8	I SURE DO MR. BEAR! GRUNTY'S AWFUL YOU KNOW, SHE WAS SICK IN ME EARLIER ON. IF YOU CAN GET RID OF HER, I'LL BE FREE!	
00838	0B13:0:6	대사	B5	DON'T BE SURE YOU SILLY POT,	
00839	0B13:0:7	대사	B5	SOON I'LL HAVE YOU NICE AND HOT!	
00840	0B13:0:8	대사	B5	SEE THESE FILTHY CLOTHES I'VE GOT,	
00841	0B13:0:9	대사	B5	WHEN I'VE WON YOU'LL WASH THE LOT!	
00842	0B13:0:11	대사	D8	NO PROBLEM, JUST SPLOSH ON IN AND I'LL FIRE YOU UP TO THE TOP!	
00843	0B13:1:0	대사	82	PHEW...WHAT A DISGUSTING SMELL!	
00844	0B13:1:2	대사	82	IT'S A WONDER YOU GET ANY, SEWER BREATH!	
00845	0B13:1:4	대사	80	ERRR, SHE SAID THAT WE'RE LOOKING FOR GRUNTILDA, DO YOU KNOW WHERE SHE IS?	
00846	0B13:1:6	대사	80	DON'T WORRY DINGPOT, WE'LL SORT HER OUT IF YOU CAN FIND US A WAY UP THERE!	
00847	0B13:1:8	대사	82	JUMP IN THERE? NO WAY, DUNGBOX!	
00848	0B13:1:9	대사	80	C'MON KAZOOIE, YOU GET A CHANCE TO PECK THE WITCH'S BUTT, LET'S GO!	
00849	0B14:0:0	대사	D8	DID I TELL YOU SHE PUKED IN ME, IT WAS AWFUL...	
00850	0B15:0:0	대사	D8	CAN YOU SEE A TOILET IN HERE, HUH? SO GUESS WHERE GRUNTY GOES...	
00851	0B16:0:0	대사	D8	ALL HER TRASH, WELL THAT ENDS UP IN ME AS WELL...	
00852	0B17:0:0	대사	D8	LOOK AT ME, I'M FULL OF POTATO PEELINGS AND MOULDY VEGETABLES...	
00853	0B18:0:0	대사	D8	YOU WOULDN'T BELIEVE GRUNTY'S DANDRUFF WHEN SHE LEANS OVER ME...	
00854	0B19:0:0	대사	D8	I NEED MY TEETH CLEANING, WILL YOU DO IT?	
00855	0B1A:0:0	대사	D8	SNIFF...I HAD A SAUCEPAN GIRLFRIEND ONCE, BUT GRUNTY BROKE HER HANDLE...	
00856	0B1B:0:0	대사	D8	AND ALL THOSE AWFUL BLOOMERS SHE MAKES ME WASH...YURRGH!	
00857	0B1C:0:0	대사	D8	SHE COOKS UP SOME REALLY SPICY DINNERS IN ME, IT'S MELTING MY LADLE...	
00858	0B1D:0:0	대사	D8	OOOH...BIT TOUGH LAST TIME, HUH?	
00859	0B1E:0:0	대사	D8	READY FOR ANOTHER TRIP, MR. BEAR?	
00860	0B1F:0:0	대사	D8	SPLASH IN AND I'LL FIRE YOU BACK UP THERE!	
00861	0B20:0:0	대사	D8	ARE YOU READY THIS TIME, BIRDY THING?	
00862	0B21:0:0	대사	D8	PLEASE BEAT GRUNTY THIS TIME, I DON'T WANT TO DO HER WASHING ANYMORE...	
00863	0B22:0:0	대사	83	OH...YOU HAVEN'T GOT ANY JIGSAW PIECES LEFT, YOU'LL HAVE TO GO AND FIND SOME MORE!	
00864	0B23:0:0	대사	B5	YOU'VE FOUND SOME NOTES, BUT YOU NEED MORE,	
00865	0B23:0:1	대사	B5	TO BREAK MY SPELL AND PASS THIS DOOR!	
00866	0B24:0:0	대사	B5	STOP THIS CHEATING GRUNTY SAYS,	
00867	0B24:0:1	대사	B5	OR YOUR GAME PAK I'LL ERASE!	
00868	0B25:0:0	대사	B5	YOU DIDN'T LISTEN, I'M AMAZED,	
00869	0B25:0:1	대사	B5	SO NOW YOUR GAME PAK IS ERASED!	
00870	0B26:0:0	대사	B5	IT'S NOT OVER STUPID BEAR,	
00871	0B26:0:1	대사	B5	SEE MY PICTURE OVER THERE!	
00872	0B26:0:2	대사	B5	TO FILL IT UP IS NO MEAN FEAT,	
00873	0B26:0:3	대사	B5	LOTS OF JIGGIES MAKE IT COMPLETE!	
00874	0B27:0:0	대사	B5	A LITTLE ANSWER'S ALL I SEEK,	
00875	0B27:0:1	대사	B5	ABOUT THIS GAME, YOU FURRY GEEK!	
00876	0B28:0:0	대사	B5	A VISUAL CHALLENGE, STUPID BEAR,	
00877	0B28:0:1	대사	B5	TO TELL ME WHO IT IS OR WHERE!	
00878	0B29:0:0	대사	B5	A QUESTION ON THE SOUNDS I PLAY,	
00879	0B29:0:1	대사	B5	GET IT WRONG TO MAKE MY DAY!	
00880	0B2A:0:0	대사	B5	PREPARE YOURSELF TO TAKE A WHACK,	
00881	0B2A:0:1	대사	B5	PICK THIS TEST, YOU WON'T COME BACK!	
00882	0B2B:0:0	대사	B5	I THINK IT'S TIME, SO LET ME SEE,	
00883	0B2B:0:1	대사	B5	HOW MUCH YOU KNOW OF LITTLE OLD ME!	
00884	0B2C:0:0	대사	B5	GET THIS WRONG FOR GRUNTY'S SAKE,	
00885	0B2C:0:1	대사	B5	THEN A LAVA BATH YOU WILL TAKE!	
00886	0B2D:0:0	대사	B5	JUST ONE CHANCE TO GET THIS RIGHT,	
00887	0B2D:0:1	대사	B5	WIN A JOKER AND HELP IT MIGHT!	
00888	0B2E:0:0	대사	B5	MIGHTY BIG BOX YOU MUST NOW FIGHT,	
00889	0B2E:0:1	대사	B5	BUT BE QUICK AS TIME IS TIGHT!	
00890	0B2F:0:0	대사	84	MUMBO MAGIC HELP BEAR WIN NASTY WITCH GAME.	
00891	0B2F:0:2	대사	B5	THIS IS TOUGH, YOUR CHANCES ARE SLIM,	
00892	0B2F:0:3	대사	B5	OF YOU EATING MORE THAN HIM!	
00893	0B30:0:0	대사	B5	THE TILES AWAIT FOR YOU TO MATCH,	
00894	0B30:0:1	대사	B5	TIME IS TIGHT, BUT THAT'S THE CATCH!	
00895	0B31:0:0	대사	B5	LITTLE STINGS THAT MAKE A BEAR SHOUT,	
00896	0B31:0:1	대사	B5	WHACK THEM ALL BEFORE TIME'S OUT!	
00897	0B32:0:0	대사	B5	WATCH AS THE TURTLES SING THEIR SONG,	
00898	0B32:0:1	대사	B5	REPEAT IT QUICK, YOU WON'T GET LONG!	
00899	0B33:0:0	대사	B5	THE NAME OF YOUR GAME YOU MUST SPELL,	
00900	0B33:0:1	대사	B5	BACKWARDS THOUGH, BE QUICK AS WELL!	
00901	0B34:0:0	대사	B5		
00902	0B34:0:2	대사	B5	WELCOME ALL, GRUNTY'S THE NAME,	
00903	0B34:0:4	대사	B5	BANJO'S HERE TO PLAY MY GAME!	
00904	0B34:0:6	대사	B5	MY LAIR IS DONE AND HERE HE STANDS,	
00905	0B34:0:8	대사	B5	THROUGH ALL MY TRICKS AND TRAPS AND LANDS!	
00906	0B34:0:10	대사	B5	THIS FINAL TEST WILL SEE ME WIN,	
00907	0B34:0:12	대사	B5	WHEN BANJO FAILS THEN I'LL BE THIN!	
00908	0B34:0:14	대사	B5	THE PRIZES ON THIS STAND BRING JOY,	
00909	0B34:0:16	대사	B5	FROM TOOTY DOWN TO CUDDLY TOY!	
00910	0B34:0:18	대사	B5	MY LITTLE QUIZ WILL MAKE YOU SWEAT,	
00911	0B34:0:20	대사	B5	AND TOOTY YOU SHALL NEVER GET!	
00912	0B34:0:22	대사	B5	'CUZ SOMEWHERE SOON ALONG THE WAY,	
00913	0B34:0:24	대사	B5	YOUR LACK OF SKILL WILL MAKE MY DAY...	
00914	0B34:0:26	대사	B5	'CUZ IN THE FIERY PIT YOU'LL GO,	
00915	0B34:0:28	대사	B5	AND I WILL WIN THE PRIZE ON SHOW!	
00916	0B34:0:30	대사	B5	SO STEP ON OVER TO THE SQUARE,	
00917	0B34:0:32	대사	B5	PRESS A TO TRY IT IF YOU DARE!	
00918	0B39:0:0	대사	B5	SO I SEE YOU'RE BACK TO TRY,	
00919	0B39:0:1	대사	B5	ONE MORE TIME BUT YOU WILL FRY!	
00920	0B3A:0:0	대사	B5	A LUCKY GUESS, YOU GOT IT RIGHT,	
00921	0B3A:0:1	대사	B5	THE NEXT SQUARE'S YOURS WITHOUT A FIGHT!	
00922	0B3B:0:0	대사	B5	HEAR THE CROWD, THEY BOO AND HISS,	
00923	0B3B:0:1	대사	B5	TO SEE YOU FAIL THEY WOULD NOT MISS!	
00924	0B3C:0:0	대사	B5	THAT'S A SECRET, HOW DID Y'KNOW?	
00925	0B3C:0:1	대사	B5	DID MY SISTER TELL YOU SO!	
00926	0B3D:0:0	대사	B5	FAIL A SQUARE AND YOU'LL FEEL PAIN,	
00927	0B3D:0:1	대사	B5	PLEASE PRESS A TO TRY AGAIN!	
00928	0B3E:0:0	대사	B5	GET MORE WRONG, YES THAT'S THE WAY,	
00929	0B3E:0:1	대사	B5	THE CROWDS ARE HAPPIER TODAY!	
00930	0B3F:0:0	대사	B5	THE CHOICE IS YOURS TO PICK THE WAY,	
00931	0B3F:0:1	대사	B5	THAT YOU ARE GOING TO LOSE TODAY!	
00932	0B40:0:0	대사	B5	THE ENERGY THAT YOU HAVE FOUND,	
00933	0B40:0:1	대사	B5	WON'T STOP ME MAKING TOOTY ROUND!	
00934	0B41:0:0	대사	B5	AN EXTRA LIFE, I DO NOT CARE,	
00935	0B41:0:1	대사	B5	IT WILL NOT HELP YOU SCRUFFY BEAR!	
00936	0B42:0:0	대사	B5	EACH JOKER CARD THAT YOU HAVE GOT,	
00937	0B42:0:1	대사	B5	WILL SKIP ONE QUESTION, THAT'S YOUR LOT!	
00938	0B42:0:2	대사	B5	PRESS B TO USE IT, YOU LITTLE CHEAT,	
00939	0B42:0:3	대사	B5	WHEN ON A SQUARE YOU GET COLD FEET!	
00940	0B43:0:0	대사	B5	YOUR JOKER MISSES OUT A SQUARE,	
00941	0B43:0:1	대사	B5	ACCEPT THE TEST YOU DID NOT DARE!	
00942	0B44:0:0	대사	B5	AN EASY CHALLENGE, YOU ASSUMED,	
00943	0B44:0:1	대사	B5	ONE MORE WRONG AND YOU ARE DOOMED!	
00944	0B45:0:0	대사	B5	TRY THIS ONE, BUT DON'T BE LAME,	
00945	0B45:0:1	대사	B5	YOU'LL LOSE A LIFE AND LOSE THE GAME!	
00946	0B46:0:0	대사	B5	NO LIVES ARE LEFT, HE BURNS AND CHOKES,	
00947	0B46:0:1	대사	B5	I'M PLEASED TO SAY THAT'S ALL FOLKS!	
00948	0B47:0:0	대사	B5		
00949	0B47:0:2	대사	B5	NO ONE CAN WIN, I WAS ASSURED,	
00950	0B47:0:4	대사	B5	BY THE MAKERS OF THIS BOARD!	
00951	0B47:0:5	대사	B5	IT'S NOT FAIR, I WANT TO WIN,	
00952	0B47:0:7	대사	B5	HOW I LONGED TO BE REAL THIN!	
00953	0B47:0:9	대사	B5	NOW YOU CAN TAKE THE PRIZE ON SHOW,	
00954	0B47:0:11	대사	B5	WHILE UP THE WINDING STAIRS I GO!	
00955	0B47:0:13	대사	B5	YOU WON'T CATCH ME, I'VE MADE SURE,	
00956	0B47:0:15	대사	B5	ALL THE CREDITS YOU'LL NOW ENDURE!	
00957	0B48:1:0	대사	80		
00958	0B48:1:2	대사	80	WHICH PRIZE SHALL WE TAKE, KAZOOIE?	
00959	0B48:1:4	대사	B6	ME! ME! ME! ME!	
00960	0B48:1:6	대사	81	ERR...HOW ABOUT THAT GROTTY UGLY THING?	
00961	0B48:1:7	대사	80	I THINK WE SHOULD TAKE TOOTY...	
00962	0B48:1:8	대사	81	THAT'S WHAT I MEANT!	
00963	0B48:1:9	대사	80	KAZOOIE!!!	
00964	0B48:1:11	대사	B6	PLEASE CAN WE GO HOME NOW BANJO, I'VE HAD ENOUGH ADVENTURING FOR ONE DAY!	
00965	0B48:1:13	대사	80	SURE, LET'S GET OUT OF THIS DUMP!	
00966	0B49:0:0	대사	CB	GRUNTY BRUSHES HER ROTTEN TEETH WITH ~ FLAVORED TOOTHPASTE!	
00967	0B4A:0:0	대사	CB	SHE ALSO WASHES HER HAIR WITH ~. YUK!	
00968	0B4B:0:0	대사	CB	AND SHE GETS HER CLOTHES FROM ~!	
00969	0B4C:0:0	대사	CB	UGLY GRUNTY'S NICKNAME WAS ~ AT WITCH SCHOOL!	
00970	0B4D:0:0	대사	CB	I ALSO KNOW THAT ~ IS HER FAVORITE SMELL!	
00971	0B4E:0:0	대사	CB	AND THE OLD HAG'S FAVORITE COLOR IS ~!	
00972	0B4F:0:0	대사	CB	MY FAT OLD SISTER'S FAVORITE SPORT IS ~!	
00973	0B50:0:0	대사	CB	ALTHOUGH SHE'S DIM, SHE ATTENDED ~!	
00974	0B51:0:0	대사	CB	YOU WON'T BELIEVE THAT GRUNTILDA'S PARTY TRICK IS ~!	
00975	0B52:0:0	대사	CB	THE DISGUSTING GRUNTILDA HAS ~ FOR BREAKFAST!	
00976	0B53:0:0	대사	CB	THEN SHE USUALLY HAS ~ FOR DINNER. YUK!	
00977	0B54:0:0	대사	CB	WARTBAGS THEN FINISHES WITH ~ FOR DESSERT. HOW HORRID!	
00978	0B55:0:0	대사	CB	REVOLTING GRUNTILDA'S BEDROOM HAS ~ HANGING FROM THE CEILING!	
00979	0B56:0:0	대사	CB	SHE ALSO HAS ~ GROWING IN A POT BESIDE HER BED! FILTHY OLD BAG!	
00980	0B57:0:0	대사	CB	AND YOU'D BE SICK IF YOU SAW HER ENORMOUS ~ UNDIES!	
00981	0B58:0:0	대사	CB	GRUNTY'S BEST FRIEND AT WITCH SCHOOL WAS THE AWFUL ~!	
00982	0B59:0:0	대사	CB	WHEN RELAXING, SHE USUALLY READS ~ MAGAZINE!	
00983	0B5A:0:0	대사	CB	WHILE SIPPING A GLASS OF HER FAVORITE ~!	
00984	0B5B:0:0	대사	CB	MY LAZY SISTER OFTEN SLEEPS ~, THE DIRTY HAG!	
00985	0B5C:0:0	대사	CB	THE ONLY THING SHE'S EVER WON WAS THE ~ COMPETITION AT WITCH SCHOOL!	
00986	0B5D:0:0	대사	CB	SHE OFTEN BOASTS OF APPEARING ON THE COVER OF FAT HAG MONTHLY, ~!	
00987	0B5E:0:0	대사	CB	GRUESOME GRUNTILDA'S FAVORITE PASTIME IS ~!	
00988	0B5F:0:0	대사	CB	THIS POOR GUY CALLED ~, WAS HER FIRST AND ONLY BOYFRIEND!	
00989	0B60:0:0	대사	CB	WHEN SHE WAS YOUNGER, GRUNTY USED TO HAVE ~ AS A PET!	
00990	0B61:0:0	대사	CB	DID YOU KNOW WARTBAGS KEEPS ~ IN HER POCKET FOR LUCK?	
00991	0B62:0:0	대사	CB	I'VE ALSO SEEN MY SISTER CUDDLING ~ IN BED AT NIGHT!	
00992	0B63:0:0	대사	CB	SHE'S REALLY PROUD OF HER BROOMSTICK. IT'S A TOP OF THE RANGE ~!	
00993	0B64:0:0	대사	CB	GRUNTY WEARS ~ UNDER THAT REPULSIVE DRESS OF HERS!	
00994	0B65:0:0	대사	CB	SHE'S ALSO GOT THIS NASTY PET DOG WHOSE NAME IS ~!	
00995	0B66:0:0	대사	CB	MY SISTER SINGS IN HER OWN BAND, ~. THEY'RE AWFUL!	
00996	0B67:0:0	대사	CB	HELLO THERE, YOUNG ONES! I'M BRENTILDA, GRUNTILDA'S NICER SISTER. I'VE CREPT DOWN HERE TO HELP YOU DEFEAT THE OLD HAG, IT'S ABOUT TIME SHE WAS TAUGHT A LESSON!	
00997	0B67:0:1	대사	CB	I KNOW ALL OF GRUNTY'S DISGUSTING SECRETS, AND I'LL TELL YOU THREE OF THEM EVERY TIME YOU FIND ME.	
00998	0B67:0:2	대사	CB	REMEMBER THEM WELL, YOUNG ONES, AS THEY WILL HELP YOU AVOID A FIERY FATE!	
00999	0B67:0:3	대사	CB	PRESS B IF YOU'D LIKE TO HEAR THEM!	
01000	0B68:0:0	대사	CB	OOOH YOU POOR DEARS, YOUR ENERGY IS LOW. LET ME FILL IT UP FOR YOU...	
01001	0B68:0:2	대사	CB	THAT'S BETTER!	
01002	0B69:0:0	대사	B5	I CAN'T BELIEVE THAT FURRY PAIR,	
01003	0B69:0:1	대사	B5	GOT RIGHT UP HERE, IT'S SO UNFAIR!	
01004	0B69:0:2	대사	B5	BUT NOW THE STUPID BEAR MUST FIGHT,	
01005	0B69:0:3	대사	B5	THIS BATTLE TESTS YOUR SKILL AND MIGHT!	
01006	0B6A:0:0	대사	B5	SO YOU'RE BACK, YOU MUST BE THICK,	
01007	0B6A:0:1	대사	B5	AGAIN YOU'LL LOSE, I'LL MAKE IT QUICK!	
01008	0B6B:0:0	대사	B5	I CAN'T BELIEVE YOU'RE BACK AGAIN,	
01009	0B6B:0:1	대사	B5	STUPID BEAR AND DIM BIRD BRAIN!	
01010	0B6C:0:0	대사	B5	BACK ONCE MORE, YOU NEVER LEARN,	
01011	0B6C:0:1	대사	B5	THAT SUITS ME FINE, YOUR BUTTS I'LL BURN!	
01012	0B6D:0:0	대사	B5	I'M NOT ONE TO BRAG OR BOAST,	
01013	0B6D:0:1	대사	B5	BUT AFTER THIS YOU'LL BOTH BE TOAST!	
01014	0B6E:0:0	대사	B5	WHO'S BACK UP HERE, OH MY WORD,	
01015	0B6E:0:1	대사	B5	IT'S BEAKY FOOL AND HAIRY NERD!	
01016	0B6F:0:0	대사	B5	DID YOU HEAR THAT LOVELY CLACK,	
01017	0B6F:0:1	대사	B5	MY BROOMSTICK GAVE YOU SUCH A WHACK!	
01018	0B70:0:0	대사	B5	SEE THE SWOOP AND HOW I FLEW,	
01019	0B70:0:1	대사	B5	MY BROOMSTICK MADE A MEAL OF YOU!	
01020	0B71:0:0	대사	B5	MMM I SEE YOU TOOK THAT ONE,	
01021	0B71:0:1	대사	B5	A FEW MORE AND YOUR LIFE IS GONE!	
01022	0B72:0:0	대사	B5	AH, I SEE IT MAKES YOU SAD,	
01023	0B72:0:1	대사	B5	TO KNOW YOUR SKILLS ARE REALLY BAD!	
01024	0B73:0:0	대사	B5	HOPELESS BEAR RUNS TO AND FRO,	
01025	0B73:0:1	대사	B5	BUT TAKES A WHACK FOR BEING SO SLOW!	
01026	0B74:0:0	대사	B5	MY FIERY BLAST YOU JUST TASTED,	
01027	0B74:0:1	대사	B5	GRUNTY'S SPELLS ON YOU ARE WASTED!	
01028	0B75:0:0	대사	B5	THESE BOLTS FLY WITH SUCH A WHIZZ	
01029	0B75:0:1	대사	B5	I LOVE THE WAY THEY SCREECH AND FIZZ!	
01030	0B76:0:0	대사	B5	I HIT THE BIRD RIGHT ON HER BEAK,	
01031	0B76:0:1	대사	B5	LET THAT BE THE END OF HER CHEEK!	
01032	0B77:0:0	대사	B5	GRUNTY'S FIREBALL YOU DID KISS,	
01033	0B77:0:1	대사	B5	YOU'RE SO SLOW I CAN HARDLY MISS!	
01034	0B78:0:0	대사	B5	SIMPLY PUT I'M RATHER PROUD,	
01035	0B78:0:1	대사	B5	YOUR YELPS AND SCREAMS I HEARD QUITE LOUD!	
01036	0B79:0:0	대사	B5	OUCH MY BUTT, IT'S NOW QUITE SORE,	
01037	0B79:0:1	대사	B5	I'LL MAKE YOU SUFFER, THAT'S FOR SURE!	
01038	0B7A:0:0	대사	B5	A GLANCING BLOW, NOTHING MORE,	
01039	0B7A:0:1	대사	B5	NOW I'LL KNOCK YOU THROUGH THE FLOOR!	
01040	0B7B:0:0	대사	B5	NOW YOU'VE GOT ME IN A FLUSTER,	
01041	0B7B:0:1	대사	B5	FASTER SPELLS I'LL HAVE TO MUSTER!	
01042	0B7C:0:0	대사	B5	WHAT WAS THAT, YOU GOT ME NOW,	
01043	0B7C:0:1	대사	B5	YOU'VE REALLY ANGERED THIS OLD COW!	
01044	0B7D:0:0	대사	B5	OUCH MY GUT YOU NEARLY HIT,	
01045	0B7D:0:1	대사	B5	IF YOUR SHOT WAS DOWN A BIT!	
01046	0B7E:0:0	대사	B5	YOU GOT ME NOW STOP THAT LAUGHTER,	
01047	0B7E:0:1	대사	B5	LEAVE MY THINGS I'LL GET THEM AFTER!	
01048	0B7F:0:0	대사	B5	HEY THAT WHACK JUST JOSTLED ME,	
01049	0B7F:0:1	대사	B5	THAT'S MY HONEY, SO LEAVE 'EM BE!	
01050	0B80:0:0	대사	B5	OUCH YOU GOT ME WITH SUCH A BASH,	
01051	0B80:0:1	대사	B5	AND NOW I'VE GONE AND DROPPED MY STASH!	
01052	0B81:0:0	대사	B5	THAT WHACK MADE ME FEEL QUITE FUNNY,	
01053	0B81:0:1	대사	B5	OOOPS I'VE GONE AND DROPPED MY HONEY!	
01054	0B82:0:0	대사	B5	YOU JOGGED MY ARM, I'M IN A HUFF,	
01055	0B82:0:1	대사	B5	'CUZ NOW I'VE GONE AND DROPPED MY STUFF!	
01056	0B83:0:0	대사	B5	IT'S NOW TIME TO END YOUR FUN,	
01057	0B83:0:1	대사	B5	HERE COMES A SPELL YOU CAN'T OUTRUN!	
01058	0B84:0:0	대사	B5	MAGIC SPELL OF BANJO HOMING,	
01059	0B84:0:1	대사	B5	GET HIM NOW TO STOP HIS ROAMING!	
01060	0B85:0:0	대사	B5	HERE'S MY MAGNET SPELL AT LAST,	
01061	0B85:0:1	대사	B5	RUN AND HIDE YOU WON'T GET PAST!	
01062	0B86:0:0	대사	B5	SEE THIS SPELL, I'LL THINK YOU'LL FIND,	
01063	0B86:0:1	대사	B5	ITS TARGET WILL BE YOUR BEHIND!	
01064	0B87:0:0	대사	B5	MAGIC SPELL, SEEK OUT YOUR PREY,	
01065	0B87:0:1	대사	B5	IT'S SURE TO HIT, O HAPPY DAY!	
01066	0B88:0:0	대사	B5	AHH IT'S TIME FOR ME TO CHANGE	
01067	0B88:0:1	대사	B5	MY SPOT TO PUT ME OUT OF RANGE!	
01068	0B89:0:0	대사	B5	THIS SPOT'S PROVING RATHER ROUGH,	
01069	0B89:0:1	대사	B5	I'LL HAVE TO MOVE TO MAKE IT TOUGH!	
01070	0B8A:0:0	대사	B5	IT'S TOO EASY, SO I FEAR,	
01071	0B8A:0:1	대사	B5	NOW WATCH ME STEP THINGS UP A GEAR!	
01072	0B8B:0:0	대사	B5	THAT LAST WHACK DID CLIP MY EAR,	
01073	0B8B:0:1	대사	B5	BUT YOU CAN'T GET ME OVER HERE!	
01074	0B8C:0:0	대사	B5	DON'T HIT ME, THAT'S QUITE ENOUGH,	
01075	0B8C:0:1	대사	B5	I THINK YOU'LL FIND THE NEXT BIT TOUGH!	
01076	0B8D:0:0	대사	B5	HAH YOU TOOK ANOTHER ZAP,	
01077	0B8D:0:1	대사	B5	I GOT YOU THROUGH THAT LITTLE GAP!	
01078	0B8E:0:0	대사	B5	SO I GOT YOU THERE ONCE MORE,	
01079	0B8E:0:1	대사	B5	I KNEW YOUR SKILL WAS VERY POOR!	
01080	0B8F:0:0	대사	B5	OH I GOT YOU ONCE AGAIN,	
01081	0B8F:0:1	대사	B5	IT'S NICE TO SEE A BEAR IN PAIN!	
01082	0B90:0:0	대사	B5	THAT LAST BLAST YOU FORGOT TO DUCK,	
01083	0B90:0:1	대사	B5	SO BANJO'S USELESS HEAD IT STRUCK!	
01084	0B91:0:0	대사	B5	HEAR THAT FIREBALL FIZZ AND BANG,	
01085	0B91:0:1	대사	B5	YOUR HAIRY BUTT TOOK QUITE A CLANG!	
01086	0B92:0:0	대사	B5	ARGH I'M SLOW WITH ALL THIS LARD,	
01087	0B92:0:1	대사	B5	THAT EGG OF YOURS CAUGHT ME OFF GUARD!	
01088	0B93:0:0	대사	B5	I CAN'T DODGE WITH ALL THIS WEIGHT,	
01089	0B93:0:1	대사	B5	THOSE NASTY EGGS I SURE DO HATE!	
01090	0B94:0:0	대사	B5	OOOF I TOOK ANOTHER WHACK,	
01091	0B94:0:1	대사	B5	BUT WATCH ME GIVE YOU DOUBLE BACK!	
01092	0B95:0:0	대사	B5	THAT'S NOT FAIR I WASN'T READY,	
01093	0B95:0:1	대사	B5	I FEEL FAINT AND ALL UNSTEADY!	
01094	0B96:0:0	대사	B5	THAT DIDN'T HURT, I FEEL NO PAIN,	
01095	0B96:0:1	대사	B5	GRUNTY'S READY TO FIGHT AGAIN!	
01096	0B97:0:0	대사	B5	OFF I FLY 'CUZ THEN WE'LL SEE,	
01097	0B97:0:1	대사	B5	IF YOU CAN GET THE BEST OF ME!	
01098	0B98:0:0	대사	B5	NOW I'M OFF INTO THE AIR,	
01099	0B98:0:1	대사	B5	LEAVING BANJO STUCK WAY DOWN THERE!	
01100	0B99:0:0	대사	B5	SEE MY BROOMSTICK, WATCH ME FLY,	
01101	0B99:0:1	대사	B5	I'LL BEAT YOUR BUTT, DON'T EVEN TRY!	
01102	0B9A:0:0	대사	B5	A BIG OLD GAL I MAY JUST BE,	
01103	0B9A:0:1	대사	B5	BUT WHEN I FLY YOU WON'T GET ME!	
01104	0B9B:0:0	대사	B5	UP IN THE AIR I'LL BE SAFE,	
01105	0B9B:0:1	대사	B5	AT MY LEISURE YOUR BUTT I'LL STRAFE!	
01106	0B9C:0:0	대사	83	HEY BANJO, THE OLD HAG'S TAKEN TO THE AIR!	
01107	0B9C:0:2	대사	83	THIS FLY PAD SHOULD BE OF SOME HELP!	
01108	0B9D:0:0	대사	83	NOT BAD SO FAR, BANJO!	
01109	0B9D:0:2	대사	83	NOW USE YOUR AERIAL SKILLS AGAINST THE OLD BUZZARD WITH THIS FLY PAD!	
01110	0B9E:0:0	대사	83		
01111	0B9E:0:2	대사	83	QUICK, USE THIS FLY PAD TO GET UP THERE AND TEACH HER A LESSON!	
01112	0B9F:0:0	대사	B5	OLD BOTTLE BRAIN HAS TAUGHT YOU WELL,	
01113	0B9F:0:1	대사	B5	BUT BEARS DON'T FLY AND I CAN TELL!	
01114	0BA0:0:0	대사	B5	DID YOU KNOW I LEARNED TO FLY,	
01115	0BA0:0:1	대사	B5	AT WITCHES SCHOOL, YOU CAN SEE WHY!	
01116	0BA1:0:0	대사	B5	SEE ME SWOOP AND WATCH ME DIVE,	
01117	0BA1:0:1	대사	B5	YOU'VE NOT LONG LEFT TO STAY ALIVE!	
01118	0BA2:0:0	대사	B5	ANOTHER WHACK THAT'S HOW IT GOES,	
01119	0BA2:0:1	대사	B5	WATCH ME FLY AND PICK MY NOSE!	
01120	0BA3:0:0	대사	B5	SOON YOU'LL LOSE AND WHEN YOU'VE GONE,	
01121	0BA3:0:1	대사	B5	I HAVE TO GO AND USE THE JOHN!	
01122	0BA4:0:0	대사	B5	FIREBALL FIZZ AND FIREBALL FLY,	
01123	0BA4:0:1	대사	B5	BLAST THAT BEAR OUT OF MY SKY!	
01124	0BA5:0:0	대사	B5	GRUNTY'S SPELL YOUR BODY NUMBS,	
01125	0BA5:0:1	대사	B5	AN EASY TASK TO HIT THOSE BUMS!	
01126	0BA6:0:0	대사	B5	THIS BROOM IS HARD AND AS IT STREAKS,	
01127	0BA6:0:1	대사	B5	ACROSS THE SKY IT CHAFES MY CHEEKS!	
01128	0BA7:0:0	대사	B5	ANOTHER HIT YOU TOOK ONCE MORE,	
01129	0BA7:0:1	대사	B5	PLEASE LOSE SOON, I'M SADDLE SORE!	
01130	0BA8:0:0	대사	B5	I HOLD ON HARD AND GRIT MY TEETH,	
01131	0BA8:0:1	대사	B5	TO STOP ME DANGLING UNDERNEATH!	
01132	0BA9:0:0	대사	B5	YOWW THAT BEAK GAVE ME A JOLT,	
01133	0BA9:0:1	대사	B5	SO YOU CAN HAVE THIS LIGHTNING BOLT!	
01134	0BAA:0:0	대사	B5	OOOH YOU SNIVELLING LITTLE PUP,	
01135	0BAA:0:1	대사	B5	HAVE THIS BOLT, I'M SPEEDING UP!	
01136	0BAB:0:0	대사	B5	ARRGH YOU GOT ME ONCE AGAIN	
01137	0BAB:0:1	대사	B5	PREPARE TO TAKE THIS SIZZLE BRAIN!	
01138	0BAC:0:0	대사	B5	OUCH NOW THAT ONE REALLY STUNG,	
01139	0BAC:0:1	대사	B5	TAKE THIS NASTY SPELL I'VE BRUNG!	
01140	0BAD:0:0	대사	B5	ANOTHER HIT, I'M GETTING WEAK,	
01141	0BAD:0:1	대사	B5	I REALLY NEED TO TAKE A LEAK!	
01142	0BAE:0:0	대사	B5	THAT POINTY BEAK DID NOT MISS,	
01143	0BAE:0:1	대사	B5	BUT NOW LET'S SEE IT GET THROUGH THIS!	
01144	0BAF:0:0	대사	B5	A SPECIAL SHIELD I NEED TO CALL,	
01145	0BAF:0:1	대사	B5	TO STOP YOUR HITS ONCE AND FOR ALL!	
01146	0BB0:0:0	대사	B5	SO GRUNTY DOESN'T COME TO GRIEF,	
01147	0BB0:0:1	대사	B5	HERE'S A SPELL I CAN HIDE BENEATH!	
01148	0BB1:0:0	대사	B5	LOOK AT ME, I'M QUITE A MESS,	
01149	0BB1:0:1	대사	B5	I NEED A SHIELD TO HIDE MY DRESS!	
01150	0BB2:0:0	대사	B5	I MAY BE OLD AND RATHER WIDE,	
01151	0BB2:0:1	대사	B5	BUT UNDERNEATH THIS SPELL I'LL HIDE!	
01152	0BB8:0:0	대사	97	FOR SETTING US FREE, WE JINJOS COME TO HELP OUR FRIEND BANJO!	
01153	0BB8:0:1	대사	B5	I HID YOU WELL FOR BEING BAD,	
01154	0BB8:0:2	대사	B5	DON'T HELP THE BEAR, YOU'LL MAKE ME MAD!	
01155	0BB9:0:0	대사	97	NICE BEAR AND BIRD SAVED JINJOS FROM THE WITCH, NOW WE HELP!	
01156	0BB9:0:1	대사	B5	SO YOUR LITTLE FURRY FRIENDS,	
01157	0BB9:0:2	대사	B5	COME HERE TO SHARE YOUR BITTER END!	
01158	0BBA:0:0	대사	97	NASTY WITCH SPEAK TOO SOON, JINJOS COME TO HELP BEAR AND BIRD!	
01159	0BBA:0:1	대사	B5	COME ON THEN YOU LITTLE PUNKS,	
01160	0BBA:0:2	대사	B5	GRUNTY'S SPELLS WILL MAKE YOU CHUNKS!	
01161	0BBB:0:0	대사	97	GRUNTY CAPTURED US JINJOS, NOW WE COME FOR OUR REVENGE!	
01162	0BBB:0:1	대사	B5	USELESS JINJOS SNEER AND HOOT,	
01163	0BBB:0:2	대사	B5	GO BACK RIGHT NOW OR TASTE MY BOOT!	
01164	0BBC:0:0	대사	97	OUR NEW FRIENDS ARE IN TROUBLE! WE JINJOS WILL HELP YOU!	
01165	0BBC:0:1	대사	B5	I HID THOSE JINJOS REALLY WELL,	
01166	0BBC:0:2	대사	B5	BUT MUST HAVE USED A LOUSY SPELL!	
01167	0BBD:0:0	대사	B5	YOUR STUPID FRIENDS AREN'T MUCH HELP,	
01168	0BBD:0:1	대사	B5	STANDING THERE AS I MAKE YOU YELP!	
01169	0BBE:0:0	대사	B5	YOUR JINJOS REALLY ARE A JOKE,	
01170	0BBE:0:1	대사	B5	NOW WATCH YOUR LIVES GO UP IN SMOKE!	
01171	0BBF:0:0	대사	B5	YOUR SILLY FRIENDS UPON THEIR BLOCKS,	
01172	0BBF:0:1	대사	B5	ARE GOING TO TAKE A COUPLE OF KNOCKS!	
01173	0BC0:0:0	대사	B5	GET USED TO THAT, THERE'S PLENTY MORE,	
01174	0BC0:0:1	대사	B5	OF OTHER NASTY SPELLS IN STORE!	
01175	0BC1:0:0	대사	B5	ANOTHER HIT, I CAN'T BELIEVE,	
01176	0BC1:0:1	대사	B5	YOU DIDN'T DODGE, WHY DON'T YOU WEAVE!	
01177	0BC2:0:0	대사	B5	HEY THAT JINJO REALLY HURT,	
01178	0BC2:0:1	대사	B5	I'LL NOW RUB YOU IN THE DIRT!	
01179	0BC3:0:0	대사	B5	OOOH THOSE NASTY POINTY BEAKS,	
01180	0BC3:0:1	대사	B5	ARE CAUSING SWELLING IN MY CHEEKS!	
01181	0BC4:0:0	대사	B5	DON'T HIT ME YOU FLYING PIG,	
01182	0BC4:0:1	대사	B5	MY ANGER NOW IS GROWING BIG!	
01183	0BC5:0:0	대사	B5	HOW THAT JINJO STUNG AND BURNED,	
01184	0BC5:0:1	대사	B5	HE GOT ME WHEN MY BACK WAS TURNED!	
01185	0BC6:0:0	대사	B5	THAT'S NOT FAIR, I WASN'T READY,	
01186	0BC6:0:1	대사	B5	JINJOS MAKE ME SO UNSTEADY!	
01187	0BC7:0:0	대사	B5	OOOF YOU'VE WINDED ME ALL ROUND,	
01188	0BC7:0:1	대사	B5	TO CATCH MY BREATH I'M ON THE GROUND!	
01189	0BC8:0:0	대사	B5	THAT LAST SHOT I FAILED TO STOP,	
01190	0BC8:0:1	대사	B5	SO DOWN ONTO THE GROUND I'LL DROP!	
01191	0BC9:0:0	대사	B5	MY BROOMSTICK FAILED WITH THAT LAST BLOW,	
01192	0BC9:0:1	대사	B5	NOW ON MY LEGS I HAVE TO GO!	
01193	0BCA:0:0	대사	B5	I BET YOU THOUGHT YOU'D GOT ME BEAT,	
01194	0BCA:0:1	대사	B5	BUT LOOK I'VE LANDED ON MY FEET!	
01195	0BCB:0:0	대사	B5	USELESS BROOMSTICKS I CAN'T STAND,	
01196	0BCB:0:1	대사	B5	IT'S LEFT ME STRANDED BACK ON LAND!	
01197	0BCC:0:0	대사	B5	SO YELLOW SHORTS AND BACKPACK BLUE	
01198	0BCC:0:1	대사	B5	ONLY WILL BE LEFT OF YOU!	
01199	0BD1:0:0	대사	96	I AM THE MIGHTY JINJONATOR, ACTIVATE ME...	
01200	0BD1:0:1	대사	B5	EVEN WITH YOUR EXTRA FRIEND,	
01201	0BD1:0:2	대사	B5	I KNOW YOU'LL MEET A NASTY END!	
01202	0BD2:0:0	대사	96	I AM THE MIGHTY JINJONATOR, ACTIVATE ME...	
01203	0BD2:0:1	대사	B5	THAT ROCKY MORON CAN'T HURT ME,	
01204	0BD2:0:2	대사	B5	'CUZ GRUNTY WILL THE WINNER BE!	
01205	0BD3:0:0	대사	96	I AM THE MIGHTY JINJONATOR, ACTIVATE ME...	
01206	0BD3:0:1	대사	B5	WHAT'S ALL THIS, HOW DARE YOU CHEAT,	
01207	0BD3:0:2	대사	B5	BUT I DON'T CARE, I CAN'T BE BEAT!	
01208	0BD4:0:0	대사	96	I AM THE MIGHTY JINJONATOR, ACTIVATE ME...	
01209	0BD4:0:1	대사	B5	THAT'S NO GOOD YOU STUPID JERK,	
01210	0BD4:0:2	대사	B5	THE JINJO STATUE WILL NOT WORK!	
01211	0BD5:0:0	대사	96	I AM THE MIGHTY JINJONATOR, ACTIVATE ME...	
01212	0BD5:0:1	대사	B5	I REALLY THINK YOU OUGHT TO RUN,	
01213	0BD5:0:2	대사	B5	WHEN I BEAT HIM AND SPOIL YOUR FUN!	
01214	0BD6:0:0	대사	B5	GRUNTY'S AIM IS RATHER GOOD,	
01215	0BD6:0:1	대사	B5	IF YOU COULD RUN, I KNOW YOU WOULD!	
01216	0BD7:0:0	대사	B5	HEAR THE FIZZLE AND FEEL THE PAIN,	
01217	0BD7:0:1	대사	B5	YOU'RE GOING TO LOSE A LIFE AGAIN!	
01218	0BD8:0:0	대사	B5	I'M JUST WARMING UP RIGHT NOW,	
01219	0BD8:0:1	대사	B5	SUCH FINE SHOTS FROM THIS OLD COW!	
01220	0BD9:0:0	대사	B5	SPELLS RAIN DOWN UPON YOUR HEAD,	
01221	0BD9:0:1	대사	B5	YOU STAND NO CHANCE WHEN I SEE RED!	
01222	0BDA:0:0	대사	B5	THE BEAR IS DUMB, THE BIRD'S A TWIT,	
01223	0BDA:0:1	대사	B5	'CUZ I JUST GOT ANOTHER HIT!	
01224	0BDB:0:0	대사	B5	YOUR CRAFTY PLAN STANDS NO CHANCE,	
01225	0BDB:0:1	대사	B5	I'M FIRMLY ROOTED IN THIS STANCE!	
01226	0BDC:0:0	대사	B5	I COULD TAKE THESE SHOTS ALL DAY,	
01227	0BDC:0:1	대사	B5	THERE'S NO WAY I'M GOING TO SWAY!	
01228	0BDD:0:0	대사	B5	SEE YOUR JINJO FAIL TO WORK,	
01229	0BDD:0:1	대사	B5	HE'S NOTHING BUT A FEEBLE JERK!	
01230	0BDE:0:0	대사	B5	GRUNTY'S STRENGTH WILL SEE ME THROUGH,	
01231	0BDE:0:1	대사	B5	WHEN JINJO'S GONE I'LL BATTER YOU!	
01232	0BDF:0:0	대사	B5	THERE'S NO WAY HE'LL SHIFT MY BULK,	
01233	0BDF:0:1	대사	B5	I WATCH YOU CRY AND HAVE A SULK!	
01234	0BE0:0:0	대사	B5	I'M DONE FOR NOW HEAR ME CHOKE,	
01235	0BE0:0:1	대사	B5	BUT LOOK WHAT'S HIDDEN IN MY CLOAK!	
01236	0BE1:0:0	대사	B5	THAT LAST JINJO HAS FINISHED ME,	
01237	0BE1:0:1	대사	B5	BUT WHO LAUGHS LAST WE SHALL SOON SEE!	
01238	0BE2:0:0	대사	B5	AARGH I'M BEATEN FAIR AND SQUARE,	
01239	0BE2:0:1	대사	B5	BEFORE I GO I'VE THIS TO SHARE!	
01240	0BE3:0:0	대사	B5	IT'S ALL OVER I CAN TELL,	
01241	0BE3:0:1	대사	B5	BUT GRUNTY'S GOT JUST ONE MORE SPELL!	
01242	0BE4:0:0	대사	B5	POOR OLD GRUNTY, SET TO FALL,	
01243	0BE4:0:1	대사	B5	UPON THIS SPELL I'LL NOW CALL!	
01244	0BE5:0:0	대사	B5	CHIEF OF IDEAS	
01245	0BE5:0:1	대사	B5	GREGG 'GRUNTY' MAYLES	
01246	0BE6:0:0	대사	D7	MORE IDEAS	
01247	0BE6:0:1	대사	D7	GEORGE 'BLUBBER' ANDREAS	
01248	0BE7:0:0	대사	83	CHIEF KEYBOARD TAPPER	
01249	0BE7:0:1	대사	83	CHRIS 'SNACKER' SUTHERLAND	
01250	0BE8:0:0	대사	97	DEPUTY KEYBOARD TAPPER	
01251	0BE8:0:1	대사	97	MORTEN 'BUZZBOMB' BRODERSEN	
01252	0BE9:0:0	대사	84	DEPUTY KEYBOARD TAPPER	
01253	0BE9:0:1	대사	84	PAUL 'BIG-CLUCKER' MACHACEK	
01254	0BEA:0:0	대사	A9	DEPUTY KEYBOARD TAPPER	
01255	0BEA:0:1	대사	A9	GRAHAM 'SNIPPET' SMITH	
01256	0BEB:0:0	대사	86	KEYBOARD TAPPER	
01257	0BEB:0:1	대사	86	KIERAN 'CONGA' CONNELL	
01258	0BEC:0:0	대사	85	KEYBOARD TAPPER	
01259	0BEC:0:1	대사	85	RHYS 'LOCKUP' LEWIS	
01260	0BED:0:0	대사	CB	OTHER KEYBOARD TAPPING	
01261	0BED:0:1	대사	CB	MARK 'MOTZAND' WILSON	
01262	0BEE:0:0	대사	87	CHIEF SCRIBBLER	
01263	0BEE:0:1	대사	87	STEVE 'DINGPOT' MAYLES	
01264	0BEF:0:0	대사	88	CARTOONY BITS AND MORE SCRIBBLING	
01265	0BEF:0:1	대사	88	ED 'JINJO' BRYAN	
01266	0BF0:0:0	대사	89	SCENE CRAYONER	
01267	0BF0:0:1	대사	89	STEVEN 'SANDYBUTT' HURST	
01268	0BF1:0:0	대사	8D	MORE SKETCHING	
01269	0BF1:0:1	대사	8D	JOHN 'NAPPER' NASH	
01270	0BF2:0:0	대사	8B	OTHER DOODLING	
01271	0BF2:0:1	대사	8B	CHRIS 'CHOMPA' PEIL	
01272	0BF3:0:0	대사	8C	BIG NOISE MAKER	
01273	0BF3:0:1	대사	8C	GRANT 'CLANKER' KIRKHOPE	
01274	0BF4:0:0	대사	B7	CHIEF FREE PLAYER	
01275	0BF4:0:1	대사	B7	HUW 'WOZZA' WARD	
01276	0BF5:0:0	대사	B8	RARE FREE PLAYERS	
01277	0BF5:0:1	대사	B8	STEVEN 'SHRAPNEL' BRAND	
01278	0BF5:0:2	대사	B8	GARETH 'GROGGY' GLOVER	
01279	0BF5:0:3	대사	B8	GAVIN 'GRUBLIN' HOOD	
01280	0BF5:0:4	대사	B8	STEVE 'MR. VILE' MALPASS	
01281	0BF5:0:5	대사	B8	ADAM 'MOGGY' MUNTON	
01282	0BF5:0:6	대사	B8	SHAUN 'SOGGY' READ	
01283	0BF5:0:7	대사	B8	JAMIE 'JINXY' WILLIAMS	
01284	0BF5:0:8	대사	B8	ANDREW 'WHIPLASH' WILSON	
01285	0BF5:0:9	대사	B8	DAVID 'COLLIWOBBLE' WONG	
01286	0BF6:0:0	대사	8F	NOA FREE PLAYERS	
01287	0BF6:0:1	대사	8F	TODD 'BIGBUTT' BUECHELE	
01288	0BF6:0:2	대사	8F	DOUGALL 'CROCTUS' CAMPBELL	
01289	0BF6:0:3	대사	8F	KYLE 'CHINKER' CARLSON	
01290	0BF6:0:4	대사	8F	BRENT 'BOOM BOX' CLEARMAN	
01291	0BF6:0:5	대사	8F	SEAN 'EYRIE' EGAN	
01292	0BF6:0:6	대사	8F	BILL 'GRUNTLING' GIESE	
01293	0BF6:0:7	대사	8F	TOM 'TRUNKER' HERTZOG	
01294	0BF6:0:8	대사	8F	MICHAEL 'KLUNGO' KELBAUGH	
01295	0BF6:0:9	대사	8F	SARA 'SNAREBEAR' OSBORNE	
01296	0BF6:0:10	대사	8F	PATRICK 'TEE-HEE' TAYLOR	
01297	0BF7:0:0	대사	91	PAPER PUSHERS	
01298	0BF7:0:1	대사	91	SIMON 'LOGGO' FARMER	
01299	0BF7:0:2	대사	91	EILEEN 'TOOTY' HOCHBERG	
01300	0BF8:0:0	대사	90	SPELL BOOK	
01301	0BF8:0:1	대사	90	LEIGH 'LEAKY' LOVEDAY	
01302	0BF9:0:0	대사	93	STRANGE NOISE MAKERS	
01303	0BF9:0:1	대사	93	EVELINE 'TWINKLIES' FISCHER	
01304	0BF9:0:2	대사	93	LEE 'RIPPER' RAY	
01305	0BF9:0:3	대사	93	CHRIS 'SLAPPA' SEAVOR	
01306	0BFA:0:0	대사	CE	NOA BIG THANKS	
01307	0BFA:0:1	대사	CE	KEN 'FLIBBIT' LOBB	
01308	0BFB:0:0	대사	B2	BIG CHEESE THANKS	
01309	0BFB:0:1	대사	B2	MR. YAMAUCHI	
01310	0BFB:0:2	대사	B2	MR. 'MUMBO-JUMBO' ARAKAWA	
01311	0BFB:0:3	대사	B2	HOWARD 'LIMBO' LINCOLN	
01312	0BFB:0:4	대사	B2	MR. 'MUM-MUM' FUKUDA	
01313	0BFB:0:5	대사	B2	GAIL 'GNAWTY' TILDEN	
01314	0BFC:0:0	대사	C1	BEAN COUNTING	
01315	0BFC:0:1	대사	C1	JOEL 'GRABBA' HOCHBERG	
01316	0BFD:0:0	대사	C9	MOVING 'N' SHAKING	
01317	0BFD:0:1	대사	C9	TIM 'TANKTUP' STAMPER	
01318	0BFE:0:0	대사	C4	COPYRIGHT 1998	
01319	0BFE:0:1	대사	C4	NINTENDO-RARE LTD.	
01320	0BFE:0:2	대사	C4	GAME BY RARE TM	
01321	0BFE:0:3	대사	C4	PRODUCED BY RARE	
01322	0BFE:0:4	대사	C4	PRESENTED BY NINTENDO	
01323	0BFF:0:0	대사	D6	HURRY UP AND GET US HOME BANJO!	
01324	0BFF:0:1	대사	D5	PUFF...PANT...I'M GOING AS FAST AS I CAN!	
01325	0BFF:0:2	대사	D6	HEY! LOOK OVER THERE, WE MISSED A CARROT...	
01326	0BFF:0:3	대사	D5	GOT HIM! ARE YOU HAPPY NOW?	
01327	0BFF:0:4	대사	83	COME ON YOU TWO, WE'RE READY TO PARTY!	
01328	0BFF:0:5	대사	D5	GREAT, I COULD DO WITH A DRINK!	
01329	0C00:Q:0	퀴즈	80	YOU FOUND ENOUGH, YOU KNOW THE SCORE,	
01330	0C00:Q:1	퀴즈	80	HOW MANY NOTES FOR THE FIRST NOTE DOOR?	
01331	0C00:Q:2	퀴즈	81	50	
01332	0C00:Q:3	퀴즈	82	100	
01333	0C00:Q:4	퀴즈	83	75	
01334	0C01:Q:0	퀴즈	80	YOUR MOVES ARE SLOW, STYLE THEY LACK,	
01335	0C01:Q:1	퀴즈	80	WHAT'S THE NAME OF YOUR JUMP ATTACK?	
01336	0C01:Q:2	퀴즈	81	RAT-A-TAT RAP	
01337	0C01:Q:3	퀴즈	82	PIK-A-POK PECK	
01338	0C01:Q:4	퀴즈	83	BILL-A-BONG BEAK	
01339	0C02:Q:0	퀴즈	80	ME AND HER LOOK JUST THE SAME,	
01340	0C02:Q:1	퀴즈	80	GRUNTY'S SISTER WHAT'S HER NAME?	
01341	0C02:Q:2	퀴즈	81	BRENTILDA	
01342	0C02:Q:3	퀴즈	82	BRUNTELLA	
01343	0C02:Q:4	퀴즈	83	BOGHANDLE	
01344	0C03:Q:0	퀴즈	80	AT MUMBO'S SKULL YOU MADE A STOP,	
01345	0C03:Q:1	퀴즈	80	HOW MANY FEATHERS WERE ON TOP?	
01346	0C03:Q:2	퀴즈	81	3	
01347	0C03:Q:3	퀴즈	82	2	
01348	0C03:Q:4	퀴즈	83	4	
01349	0C04:Q:0	퀴즈	80	GET THIS WRONG, MAKE A MISTAKE,	
01350	0C04:Q:1	퀴즈	80	WHICH COLOR JINJO IS A FAKE?	
01351	0C04:Q:2	퀴즈	81	BROWN	
01352	0C04:Q:3	퀴즈	82	GREEN	
01353	0C04:Q:4	퀴즈	83	YELLOW	
01354	0C05:Q:0	퀴즈	80	WHEN YOUR AIR METER'S ON THE SCREEN,	
01355	0C05:Q:1	퀴즈	80	HOW MANY SEGMENTS CAN BE SEEN?	
01356	0C05:Q:2	퀴즈	81	6	
01357	0C05:Q:3	퀴즈	82	5	
01358	0C05:Q:4	퀴즈	83	7	
01359	0C06:Q:0	퀴즈	80	SHE WILL SOON BE FAT AND LAME,	
01360	0C06:Q:1	퀴즈	80	WHAT IS YOUR LITTLE SISTER'S NAME?	
01361	0C06:Q:2	퀴즈	81	TOOTY	
01362	0C06:Q:3	퀴즈	82	LOOTY	
01363	0C06:Q:4	퀴즈	83	BOOTY	
01364	0C07:Q:0	퀴즈	80	IN SPIRAL MOUNTAIN FIELDS ARE GREEN,	
01365	0C07:Q:1	퀴즈	80	WHICH VEGGIE BADDY ISN'T SEEN?	
01366	0C07:Q:2	퀴즈	81	SPUDDY THE POTATO	
01367	0C07:Q:3	퀴즈	82	TOPPER THE CARROT	
01368	0C07:Q:4	퀴즈	83	COLLYWOBBLE THE CAULIFLOWER	
01369	0C08:Q:0	퀴즈	80	SPIRAL MOUNTAIN'S GOT MY FACE,	
01370	0C08:Q:1	퀴즈	80	HOW MANY MOLEHILLS IN THIS PLACE?	
01371	0C08:Q:2	퀴즈	81	8	
01372	0C08:Q:3	퀴즈	82	7	
01373	0C08:Q:4	퀴즈	83	9	
01374	0C09:Q:0	퀴즈	80	YOU CAN'T WIN, I'VE BEEN ASSURED,	
01375	0C09:Q:1	퀴즈	80	HOW MANY SQUARES ARE ON THIS BOARD?	
01376	0C09:Q:2	퀴즈	81	94	
01377	0C09:Q:3	퀴즈	82	78	
01378	0C09:Q:4	퀴즈	83	113	
01379	0C0A:Q:0	퀴즈	80	MUMBO'S MOUNTAIN IS EASY FOR SURE,	
01380	0C0A:Q:1	퀴즈	80	HOW MANY JIGSAWS OPEN ITS DOOR?	
01381	0C0A:Q:2	퀴즈	81	1	
01382	0C0A:Q:3	퀴즈	82	2	
01383	0C0A:Q:4	퀴즈	83	3	
01384	0C0B:Q:0	퀴즈	80	IN MUMBO'S VILLAGE IN THE MIDDLE,	
01385	0C0B:Q:1	퀴즈	80	WHICH TALL OBJECT SOLVES THIS RIDDLE?	
01386	0C0B:Q:2	퀴즈	81	JUJU THE TOTEM POLE	
01387	0C0B:Q:3	퀴즈	82	LU-BE-LU THE TOTEM POLE	
01388	0C0B:Q:4	퀴즈	83	TOJO THE TOTEM POLE	
01389	0C0C:Q:0	퀴즈	80	IN MUMBO'S MOUNTAIN YOU DON'T KNOW,	
01390	0C0C:Q:1	퀴즈	80	WHAT DOES THAT BIG GORILLA THROW?	
01391	0C0C:Q:2	퀴즈	81	ORANGES	
01392	0C0C:Q:3	퀴즈	82	BARRELS	
01393	0C0C:Q:4	퀴즈	83	CHOCOLATES	
01394	0C0D:Q:0	퀴즈	80	THEY'VE A TOWER IN WHICH THEY HIDE,	
01395	0C0D:Q:1	퀴즈	80	ON MUMBO'S MOUNTAIN WHAT'S INSIDE?	
01396	0C0D:Q:2	퀴즈	81	TICKER THE TERMITE	
01397	0C0D:Q:3	퀴즈	82	BONGO THE BEE	
01398	0C0D:Q:4	퀴즈	83	FATTY THE BAT	
01399	0C0E:Q:0	퀴즈	80	ON MUMBO'S MOUNTAIN IT'S NOT DULL,	
01400	0C0E:Q:1	퀴즈	80	WHAT'S IN THE EYE OF MUMBO'S SKULL?	
01401	0C0E:Q:2	퀴즈	81	SOMETHING ELSE	
01402	0C0E:Q:3	퀴즈	82	MUMBO TOKEN	
01403	0C0E:Q:4	퀴즈	83	MUSICAL NOTES	
01404	0C0F:Q:0	퀴즈	80	ON MUMBO'S MOUNTAIN, SURROUNDED BY SEA,	
01405	0C0F:Q:1	퀴즈	80	THERE'S A JINJO, WHAT COLOR IS HE?	
01406	0C0F:Q:2	퀴즈	81	BLUE	
01407	0C0F:Q:3	퀴즈	82	BLACK	
01408	0C0F:Q:4	퀴즈	83	GREEN	
01409	0C10:Q:0	퀴즈	80	ON MUMBO'S MOUNTAIN IN THE LAKE,	
01410	0C10:Q:1	퀴즈	80	WHAT'S IN THERE MAKE NO MISTAKE!	
01411	0C10:Q:2	퀴즈	81	A SHOAL OF FISH	
01412	0C10:Q:3	퀴즈	82	A HUNGRY SHARK	
01413	0C10:Q:4	퀴즈	83	A DIRTY HIPPO	
01414	0C11:Q:0	퀴즈	80	ON MUMBO'S MOUNTAIN, THEY LOOK FLASH,	
01415	0C11:Q:1	퀴즈	80	HOW MANY HUTS WERE THERE TO SMASH?	
01416	0C11:Q:2	퀴즈	81	6	
01417	0C11:Q:3	퀴즈	82	5	
01418	0C11:Q:4	퀴즈	83	8	
01419	0C12:Q:0	퀴즈	80	MUMBO'S MOUNTAIN IS A THRILLER,	
01420	0C12:Q:1	퀴즈	80	WHAT'S THE NAME OF THE GORILLA?	
01421	0C12:Q:2	퀴즈	81	CONGA	
01422	0C12:Q:3	퀴즈	82	BONGA	
01423	0C12:Q:4	퀴즈	83	WONGA	
01424	0C13:Q:0	퀴즈	80	MUMBO'S MOUNTAIN, BOTTLES IS THERE,	
01425	0C13:Q:1	퀴즈	80	WHICH MOVE WAS LEARNED, YOU STUPID PAIR?	
01426	0C13:Q:2	퀴즈	81	TALON TROT	
01427	0C13:Q:3	퀴즈	82	WONDERWING INVULNERABILITY	
01428	0C13:Q:4	퀴즈	83	SHOCK JUMP	
01429	0C14:Q:0	퀴즈	80	TREASURE TROVE COVE HAD A FEATURE,	
01430	0C14:Q:1	퀴즈	80	WHAT WAS THE GIANT ARMORED CREATURE?	
01431	0C14:Q:2	퀴즈	81	A GIANT HERMIT CRAB	
01432	0C14:Q:3	퀴즈	82	A HUGE METAL WHALE	
01433	0C14:Q:4	퀴즈	83	A MIGHTY TANK	
01434	0C15:Q:0	퀴즈	80	JINJOS ARE A CRAFTY LOT,	
01435	0C15:Q:1	퀴즈	80	ON TREASURE COVE WHERE ARE THEY NOT?	
01436	0C15:Q:2	퀴즈	81	INSIDE A GIANT TREASURE CHEST	
01437	0C15:Q:3	퀴즈	82	UNDER THE PIER AT THE START	
01438	0C15:Q:4	퀴즈	83	ON TOP OF A TREE	
01439	0C16:Q:0	퀴즈	80	TREASURE TROVE'S GOT CAP'N BLUBBER,	
01440	0C16:Q:1	퀴즈	80	WHAT'S WRONG WITH THAT SOBBING LUBBER?	
01441	0C16:Q:2	퀴즈	81	HE'D LOST HIS GOLD	
01442	0C16:Q:3	퀴즈	82	HE WANTED A DRINK	
01443	0C16:Q:4	퀴즈	83	HE COULDN'T REMEMBER HIS NAME	
01444	0C17:Q:0	퀴즈	80	IN TREASURE TROVE YOU NEED QUICK LEGS,	
01445	0C17:Q:1	퀴즈	80	WHICH OF MY NASTIES ATE YOUR EGGS?	
01446	0C17:Q:2	퀴즈	81	YUM-YUM THE CLAM	
01447	0C17:Q:3	퀴즈	82	LOCKUP THE TREASURE CHEST	
01448	0C17:Q:4	퀴즈	83	SNIPPET THE CRAB	
01449	0C18:Q:0	퀴즈	80	IN TREASURE TROVE WITHIN THIS GAME,	
01450	0C18:Q:1	퀴즈	80	WHAT IS THE LEAKING BUCKET'S NAME?	
01451	0C18:Q:2	퀴즈	81	LEAKY	
01452	0C18:Q:3	퀴즈	82	MR. SIEVE	
01453	0C18:Q:4	퀴즈	83	HOLEY	
01454	0C19:Q:0	퀴즈	80	OF THESE ITEMS ON THE GROUND,	
01455	0C19:Q:1	퀴즈	80	ON TREASURE TROVE COVE WAS FIRST FOUND?	
01456	0C19:Q:2	퀴즈	81	RED FEATHERS	
01457	0C19:Q:3	퀴즈	82	GOLD FEATHERS	
01458	0C19:Q:4	퀴즈	83	FEATHER DUSTERS	
01459	0C1A:Q:0	퀴즈	80	ON TREASURE TROVE THERE IS A BOAT,	
01460	0C1A:Q:1	퀴즈	80	WHAT'S ITS NAME, IT DOESN'T FLOAT?	
01461	0C1A:Q:2	퀴즈	81	THE SALTY HIPPO	
01462	0C1A:Q:3	퀴즈	82	THE SWEATY RHINO	
01463	0C1A:Q:4	퀴즈	83	THE WOBBLY WHALE	
01464	0C1B:Q:0	퀴즈	80	MY HUNGRY SHARK WILL END YOUR GAME,	
01465	0C1B:Q:1	퀴즈	80	ON TREASURE TROVE WHAT'S HIS NAME?	
01466	0C1B:Q:2	퀴즈	81	SNACKER	
01467	0C1B:Q:3	퀴즈	82	SLACKER	
01468	0C1B:Q:4	퀴즈	83	STACKER	
01469	0C1C:Q:0	퀴즈	80	TREASURE TROVE'S GOT A TREASURE HUNT,	
01470	0C1C:Q:1	퀴즈	80	HOW MANY X'S YOU LITTLE RUNT?	
01471	0C1C:Q:2	퀴즈	81	6	
01472	0C1C:Q:3	퀴즈	82	5	
01473	0C1C:Q:4	퀴즈	83	MORE	
01474	0C1D:Q:0	퀴즈	80	TREASURE TROVE'S SANDCASTLE FLOOR,	
01475	0C1D:Q:1	퀴즈	80	IS MISSING A LETTER, GUESS ONCE MORE?	
01476	0C1D:Q:2	퀴즈	81	Q	
01477	0C1D:Q:3	퀴즈	82	NONE OF THEM	
01478	0C1D:Q:4	퀴즈	83	X	
01479	0C1E:Q:0	퀴즈	80	CLANKER'S CAVERN REALLY STINKS,	
01480	0C1E:Q:1	퀴즈	80	HIS MASSIVE CHAIN, HOW MANY LINKS?	
01481	0C1E:Q:2	퀴즈	81	8	
01482	0C1E:Q:3	퀴즈	82	6	
01483	0C1E:Q:4	퀴즈	83	10	
01484	0C1F:Q:0	퀴즈	80	CLANKER THE WHALE'S STUCK DOWN IN THE GOO,	
01485	0C1F:Q:1	퀴즈	80	IN CLANKER'S CAVERN WHAT DOES HE DO?	
01486	0C1F:Q:2	퀴즈	81	GARBAGE GRINDER	
01487	0C1F:Q:3	퀴즈	82	MASSIVE DISHWASHER	
01488	0C1F:Q:4	퀴즈	83	TOUR GUIDE	
01489	0C20:Q:0	퀴즈	80	IN CLANKER'S CAVERN IT'S A PAIN,	
01490	0C20:Q:1	퀴즈	80	WHAT'S ATTACHED TO CLANKER'S CHAIN?	
01491	0C20:Q:2	퀴즈	81	A MASSIVE ANVIL	
01492	0C20:Q:3	퀴즈	82	A HUGE BOULDER	
01493	0C20:Q:4	퀴즈	83	A COLOSSAL CAULDRON	
01494	0C21:Q:0	퀴즈	80	A BUBBLE FISH WHO'S REALLY TAME,	
01495	0C21:Q:1	퀴즈	80	IN CLANKER'S CAVERN WHAT'S HIS NAME?	
01496	0C21:Q:2	퀴즈	81	GLOOP	
01497	0C21:Q:3	퀴즈	82	BLOOP	
01498	0C21:Q:4	퀴즈	83	SLOOP	
01499	0C22:Q:0	퀴즈	80	CLANKER'S CAVERN WHALE NEEDED AIR,	
01500	0C22:Q:1	퀴즈	80	WHAT DID YOU SWIM THROUGH WAY DOWN THERE?	
01501	0C22:Q:2	퀴즈	81	A LARGE KEY	
01502	0C22:Q:3	퀴즈	82	A SERIES OF HOOPS	
01503	0C22:Q:4	퀴즈	83	THE SOUND BARRIER	
01504	0C23:Q:0	퀴즈	80	THE WHALE'S BLOWHOLE AN OBJECT SAT,	
01505	0C23:Q:1	퀴즈	80	IN CLANKER'S CAVERN WHAT WAS THAT?	
01506	0C23:Q:2	퀴즈	81	A GIANT BOLT	
01507	0C23:Q:3	퀴즈	82	A LARGE CRAB	
01508	0C23:Q:4	퀴즈	83	A BIG BUBBLE	
01509	0C24:Q:0	퀴즈	80	IF YOU KNOW THIS PLEASE DON'T SHOUT,	
01510	0C24:Q:1	퀴즈	80	IN CLANKER'S CAVERN THE ODD ONE OUT?	
01511	0C24:Q:2	퀴즈	81	HAMMER	
01512	0C24:Q:3	퀴즈	82	BOLT	
01513	0C24:Q:4	퀴즈	83	ANVIL	
01514	0C25:Q:0	퀴즈	80	CLANKER'S CAVERN SMELLS REALLY STALE,	
01515	0C25:Q:1	퀴즈	80	HOW MANY WAYS TO GET IN THE WHALE?	
01516	0C25:Q:2	퀴즈	81	MORE THAN 4	
01517	0C25:Q:3	퀴즈	82	LESS THAN 5	
01518	0C25:Q:4	퀴즈	83	6	
01519	0C26:Q:0	퀴즈	80	INSIDE CLANKER SPINNING FAST,	
01520	0C26:Q:1	퀴즈	80	WHAT WAS TOUGH FOR YOU TO GET PAST?	
01521	0C26:Q:2	퀴즈	81	ROTATING SAWBLADES	
01522	0C26:Q:3	퀴즈	82	ROTATING MERRY-GO-ROUND	
01523	0C26:Q:4	퀴즈	83	ROTATING BONES	
01524	0C27:Q:0	퀴즈	80	THE WHALE'S STOMACH IS PRETTY GRIM,	
01525	0C27:Q:1	퀴즈	80	THROUGH HOW MANY HOOPS DID YOU SWIM?	
01526	0C27:Q:2	퀴즈	81	8	
01527	0C27:Q:3	퀴즈	82	7	
01528	0C27:Q:4	퀴즈	83	LESS THAN 7	
01529	0C28:Q:0	퀴즈	80	IN BUBBLEGLOOP SWAMP'S GIANT EGG,	
01530	0C28:Q:1	퀴즈	80	WHAT'S NOT INSIDE YOU NEEDN'T BEG?	
01531	0C28:Q:2	퀴즈	81	AN EXTRA LIFE	
01532	0C28:Q:3	퀴즈	82	A JIGSAW PIECE	
01533	0C28:Q:4	퀴즈	83	A SMALLER EGG	
01534	0C29:Q:0	퀴즈	80	IN BUBBLEGLOOP SWAMP'S MARSHY MOUND,	
01535	0C29:Q:1	퀴즈	80	WHAT THING'S HIGHEST ABOVE THE GROUND?	
01536	0C29:Q:2	퀴즈	81	A MUD HUT	
01537	0C29:Q:3	퀴즈	82	A TURTLE	
01538	0C29:Q:4	퀴즈	83	A MUDDY TURTLE	
01539	0C2A:Q:0	퀴즈	80	BUBBLEGLOOP'S TURTLE OPENS WIDE,	
01540	0C2A:Q:1	퀴즈	80	WHAT DID YOU HIT TO GET INSIDE?	
01541	0C2A:Q:2	퀴즈	81	HIS FEET	
01542	0C2A:Q:3	퀴즈	82	HIS HEAD	
01543	0C2A:Q:4	퀴즈	83	HIS BUTT	
01544	0C2B:Q:0	퀴즈	80	BUBBLEGLOOP SWAMP WILL TEST YOUR MIND,	
01545	0C2B:Q:1	퀴즈	80	HOW MANY TURTLES DID YOU FIND?	
01546	0C2B:Q:2	퀴즈	81	8	
01547	0C2B:Q:3	퀴즈	82	6	
01548	0C2B:Q:4	퀴즈	83	7	
01549	0C2C:Q:0	퀴즈	80	BUBBLEGLOOP SWAMP HIDES A TREAT,	
01550	0C2C:Q:1	퀴즈	80	WHAT IN THE WATER CHOMPS YOUR FEET?	
01551	0C2C:Q:2	퀴즈	81	PIRANHA FISH	
01552	0C2C:Q:3	퀴즈	82	ELECTRIC EELS	
01553	0C2C:Q:4	퀴즈	83	ELECTRIC TOASTERS	
01554	0C2D:Q:0	퀴즈	80	IN BUBBLEGLOOP SWAMP TELL ME NOW,	
01555	0C2D:Q:1	퀴즈	80	WHICH FACT'S MADE UP BY THIS OLD COW?	
01556	0C2D:Q:2	퀴즈	81	BOTTLES TEACHES YOU TWO NEW MOVES 	
01557	0C2D:Q:3	퀴즈	82	IT FEATURES TWO CROCODILES	
01558	0C2D:Q:4	퀴즈	83	THERE ARE TWO DIFFERENT COLORED FROGS	
01559	0C2E:Q:0	퀴즈	80	IN BUBBLEGLOOP SWAMP, THERE'S NO DOUBT,	
01560	0C2E:Q:1	퀴즈	80	WHICH OF THESE IS THE ODD ONE OUT?	
01561	0C2E:Q:2	퀴즈	81	GREEN FROG	
01562	0C2E:Q:3	퀴즈	82	RED FROG	
01563	0C2E:Q:4	퀴즈	83	YELLOW FROG	
01564	0C2F:Q:0	퀴즈	80	TELL ME NOW OR YOUR LIFE I'LL CHOMP,	
01565	0C2F:Q:1	퀴즈	80	THE FROGS' NAME IN BUBBLEGLOOP SWAMP?	
01566	0C2F:Q:2	퀴즈	81	FLIBBITS	
01567	0C2F:Q:3	퀴즈	82	STIKKITS	
01568	0C2F:Q:4	퀴즈	83	STICKUPS	
01569	0C30:Q:0	퀴즈	80	THE CROCODILES IN BUBBLEGLOOP SWAMP,	
01570	0C30:Q:1	퀴즈	80	GIVE ME THE NAMES OF WHAT THEY CHOMP?	
01571	0C30:Q:2	퀴즈	81	YUMBLIES AND GRUMBLIES	
01572	0C30:Q:3	퀴즈	82	YUMYUMS AND BUMBUMS	
01573	0C30:Q:4	퀴즈	83	BUMBLIES AND DUMBLIES	
01574	0C31:Q:0	퀴즈	80	BUBBLEGLOOP TURTLE CHOIR IS SWELL,	
01575	0C31:Q:1	퀴즈	80	BUT WHAT'S ON THE BACK OF EACH SHELL?	
01576	0C31:Q:2	퀴즈	81	A MUSICAL NOTE	
01577	0C31:Q:3	퀴즈	82	A TARGET	
01578	0C31:Q:4	퀴즈	83	A BIGGER TURTLE	
01579	0C32:Q:0	퀴즈	80	FREEZEEZY PEAK IS FULL OF SNOW,	
01580	0C32:Q:1	퀴즈	80	BUT WHICH OF THESE ISN'T ON SHOW?	
01581	0C32:Q:2	퀴즈	81	A SLIPPERY SEAL	
01582	0C32:Q:3	퀴즈	82	A WOBBLY WALRUS	
01583	0C32:Q:4	퀴즈	83	A PATHETIC POLAR BEAR	
01584	0C33:Q:0	퀴즈	80	ON FREEZEEZY PEAK YOU HAVE BEEN,	
01585	0C33:Q:1	퀴즈	80	BUT WHICH OF THESE CAN'T BE SEEN?	
01586	0C33:Q:2	퀴즈	81	CHRISTMAS PUDDING	
01587	0C33:Q:3	퀴즈	82	CHRISTMAS PRESENTS	
01588	0C33:Q:4	퀴즈	83	CHRISTMAS TREE	
01589	0C34:Q:0	퀴즈	80	HERE'S THREE FACTS ON FREEZEEZY PEAK,	
01590	0C34:Q:1	퀴즈	80	THE ONE THAT'S TRUE IS WHAT YOU SEEK!	
01591	0C34:Q:2	퀴즈	81	IT FEATURES FIVE BEARS	
01592	0C34:Q:3	퀴즈	82	FIVE GIANT ICE CUBES LIVE THERE	
01593	0C34:Q:4	퀴즈	83	THERE ARE FIVE SNOWMEN	
01594	0C35:Q:0	퀴즈	80	FREEZEEZY BEARS ARE RATHER SAD,	
01595	0C35:Q:1	퀴즈	80	WHAT CAN YOU FIND TO MAKE THEM GLAD?	
01596	0C35:Q:2	퀴즈	81	PRESENTS	
01597	0C35:Q:3	퀴즈	82	WOOLY HATS	
01598	0C35:Q:4	퀴즈	83	WOOLY MAMMOTHS	
01599	0C36:Q:0	퀴즈	80	FREEZEEZY SNOWMAN'S GIANT SCARF,	
01600	0C36:Q:1	퀴즈	80	WHAT ARE ITS COLORS THAT MAKE ME BARF?	
01601	0C36:Q:2	퀴즈	81	YELLOW AND RED	
01602	0C36:Q:3	퀴즈	82	ORANGE AND RED	
01603	0C36:Q:4	퀴즈	83	GREEN AND GREY	
01604	0C37:Q:0	퀴즈	80	FREEZEEZY PEAK IS RATHER COLD,	
01605	0C37:Q:1	퀴즈	80	BUT WHAT DOES THE HUGE SNOWMAN HOLD?	
01606	0C37:Q:2	퀴즈	81	A BROOM	
01607	0C37:Q:3	퀴즈	82	A GAME BOY	
01608	0C37:Q:4	퀴즈	83	A SHOVEL	
01609	0C38:Q:0	퀴즈	80	BOGGY BEAR IS FREEZEEZY'S CLOT,	
01610	0C38:Q:1	퀴즈	80	HOW MANY JIGSAWS HAS HE GOT?	
01611	0C38:Q:2	퀴즈	81	THREE	
01612	0C38:Q:3	퀴즈	82	TWO	
01613	0C38:Q:4	퀴즈	83	FOUR	
01614	0C39:Q:0	퀴즈	80	FREEZEEZY'S SLALOM COURSE IS CRASS,	
01615	0C39:Q:1	퀴즈	80	THROUGH HOW MANY GATES DO YOU PASS?	
01616	0C39:Q:2	퀴즈	81	38	
01617	0C39:Q:3	퀴즈	82	28	
01618	0C39:Q:4	퀴즈	83	48	
01619	0C3A:Q:0	퀴즈	80	FREEZEEZY'S IGLOO ISN'T SQUARE,	
01620	0C3A:Q:1	퀴즈	80	HOW MANY BEARS CAN FIT IN THERE?	
01621	0C3A:Q:2	퀴즈	81	FIVE	
01622	0C3A:Q:3	퀴즈	82	THREE	
01623	0C3A:Q:4	퀴즈	83	FOUR	
01624	0C3B:Q:0	퀴즈	80	THE WALRUS ON FREEZEEZY PEAK,	
01625	0C3B:Q:1	퀴즈	80	WHAT'S HIS NAME THAT I NOW SEEK?	
01626	0C3B:Q:2	퀴즈	81	WOZZA	
01627	0C3B:Q:3	퀴즈	82	WAZZA	
01628	0C3B:Q:4	퀴즈	83	GAZZA	
01629	0C3C:Q:0	퀴즈	80	GOBI'S VALLEY HAD MANY A TRICK,	
01630	0C3C:Q:1	퀴즈	80	HOW MANY PYRAMIDS, TAKE YOUR PICK?	
01631	0C3C:Q:2	퀴즈	81	4	
01632	0C3C:Q:3	퀴즈	82	3	
01633	0C3C:Q:4	퀴즈	83	5	
01634	0C3D:Q:0	퀴즈	80	FROM GOBI'S PYRAMID IT SPILLS,	
01635	0C3D:Q:1	퀴즈	80	WHAT EMPTIES OUT, THE MOAT IT FILLS?	
01636	0C3D:Q:2	퀴즈	81	WATER	
01637	0C3D:Q:3	퀴즈	82	SAND	
01638	0C3D:Q:4	퀴즈	83	A HOARD OF MUMMIES	
01639	0C3E:Q:0	퀴즈	80	IN GOBI'S VALLEY LURKS A HAND,	
01640	0C3E:Q:1	퀴즈	80	WHO HIDES A JIGSAW IN THE SAND?	
01641	0C3E:Q:2	퀴즈	81	GRABBA THE MUMMY HAND	
01642	0C3E:Q:3	퀴즈	82	ROBBA THE MUMMY HAND	
01643	0C3E:Q:4	퀴즈	83	DABBA THE DADDY HAND	
01644	0C3F:Q:0	퀴즈	80	GOBI'S CAMEL'S ON VACATION,	
01645	0C3F:Q:1	퀴즈	80	WHAT'S HE GOT AT HIS THIRD LOCATION?	
01646	0C3F:Q:2	퀴즈	81	AN EXTRA HONEYCOMB PIECE	
01647	0C3F:Q:3	퀴즈	82	A JIGSAW	
01648	0C3F:Q:4	퀴즈	83	NOTHING	
01649	0C40:Q:0	퀴즈	80	AN EASY ONE OR MAYBE A JINX,	
01650	0C40:Q:1	퀴즈	80	HOW MANY CARPETS IN GOBI'S SPHINX?	
01651	0C40:Q:2	퀴즈	81	5	
01652	0C40:Q:3	퀴즈	82	4	
01653	0C40:Q:4	퀴즈	83	6	
01654	0C41:Q:0	퀴즈	80	ABOVE THE SAND YOU SEE IT GLIDE,	
01655	0C41:Q:1	퀴즈	80	IN GOBI'S VALLEY WHAT'S THE RIDE?	
01656	0C41:Q:2	퀴즈	81	A MAGIC CARPET	
01657	0C41:Q:3	퀴즈	82	A MAGIC GENIE	
01658	0C41:Q:4	퀴즈	83	A MAGIC TAXI CAB	
01659	0C42:Q:0	퀴즈	80	GOBI'S CACTUS CONCEALS A PRIZE,	
01660	0C42:Q:1	퀴즈	80	TELL ME WHAT IF YOU THINK YOU'RE WISE!	
01661	0C42:Q:2	퀴즈	81	AN EXTRA HONEYCOMB PIECE	
01662	0C42:Q:3	퀴즈	82	A JIGSAW PIECE	
01663	0C42:Q:4	퀴즈	83	A PIECE OF SPONGE CAKE	
01664	0C43:Q:0	퀴즈	80	IN A PYRAMID SOME TILES YOU MATCH,	
01665	0C43:Q:1	퀴즈	80	WHO'S NOT INCLUDED IN THIS BATCH?	
01666	0C43:Q:2	퀴즈	81	GRUNTILDA	
01667	0C43:Q:3	퀴즈	82	MUMBO JUMBO	
01668	0C43:Q:4	퀴즈	83	JINJO	
01669	0C44:Q:0	퀴즈	80	IN GOBI'S VALLEY THERE'S A TREE,	
01670	0C44:Q:1	퀴즈	80	ON ITS HEAD WHAT CAN YOU SEE?	
01671	0C44:Q:2	퀴즈	81	A HAT	
01672	0C44:Q:3	퀴즈	82	A LEAFY WIG	
01673	0C44:Q:4	퀴즈	83	A PAIR OF SUNGLASSES	
01674	0C45:Q:0	퀴즈	80	THE CHARMER HELPS YOU ON YOUR WAY,	
01675	0C45:Q:1	퀴즈	80	IN HIS PYRAMID WHAT DID YOU PAY?	
01676	0C45:Q:2	퀴즈	81	SOME BLUE EGGS	
01677	0C45:Q:3	퀴즈	82	SOME GOLD FEATHERS	
01678	0C45:Q:4	퀴즈	83	SOME GOLD BULLION	
01679	0C46:Q:0	퀴즈	80	A GHOSTLY HAND WHO HAS A SWAY,	
01680	0C46:Q:1	퀴즈	80	IN THE CHURCH WHAT DID HE PLAY?	
01681	0C46:Q:2	퀴즈	81	AN ORGAN	
01682	0C46:Q:3	퀴즈	82	A PIANO	
01683	0C46:Q:4	퀴즈	83	AN ELECTRIC GUITAR	
01684	0C47:Q:0	퀴즈	80	THE HAUNTED MANSION IN MY GROUND,	
01685	0C47:Q:1	퀴즈	80	HOW MANY WAYS IN COULD BE FOUND?	
01686	0C47:Q:2	퀴즈	81	9	
01687	0C47:Q:3	퀴즈	82	7	
01688	0C47:Q:4	퀴즈	83	8	
01689	0C48:Q:0	퀴즈	80	MAD MONSTER MANSION IS REAL HARD,	
01690	0C48:Q:1	퀴즈	80	BUT WHAT'S NOT FOUND IN THE GRAVEYARD?	
01691	0C48:Q:2	퀴즈	81	GHOSTS	
01692	0C48:Q:3	퀴즈	82	FLOWERS	
01693	0C48:Q:4	퀴즈	83	GRAVESTONES	
01694	0C49:Q:0	퀴즈	80	MAD MONSTER MANSION'S GRAVEYARD POTS,	
01695	0C49:Q:1	퀴즈	80	WHAT APPEARED FROM THEM, THERE WERE LOTS?	
01696	0C49:Q:2	퀴즈	81	A BUNCH OF FLOWERS	
01697	0C49:Q:3	퀴즈	82	A BUNCH OF BANANAS	
01698	0C49:Q:4	퀴즈	83	A BUNCH OF FEATHERS	
01699	0C4A:Q:0	퀴즈	80	MANSION CELLAR BARRELS ARE ROUND,	
01700	0C4A:Q:1	퀴즈	80	WHAT ON THE FRONT OF THEM WAS FOUND?	
01701	0C4A:Q:2	퀴즈	81	THE NUMBERS '1881'	
01702	0C4A:Q:3	퀴즈	82	THE WORD 'FRAGILE'	
01703	0C4A:Q:4	퀴즈	83	THE WORDS 'GET LOST BANJO'	
01704	0C4B:Q:0	퀴즈	80	MONSTER MANSION GIVES YOU A SCARE,	
01705	0C4B:Q:1	퀴즈	80	WHAT IN THE CELLAR ISN'T THERE?	
01706	0C4B:Q:2	퀴즈	81	RED FEATHERS	
01707	0C4B:Q:3	퀴즈	82	JINJO	
01708	0C4B:Q:4	퀴즈	83	JIGSAW PIECE	
01709	0C4C:Q:0	퀴즈	80	ONE DOESN'T EXIST, FURRY TWIT,	
01710	0C4C:Q:1	퀴즈	80	IN MONSTER MANSION WHICH IS IT?	
01711	0C4C:Q:2	퀴즈	81	KITCHEN	
01712	0C4C:Q:3	퀴즈	82	BATHROOM	
01713	0C4C:Q:4	퀴즈	83	CELLAR	
01714	0C4D:Q:0	퀴즈	80	PLAYING MY MUSIC IS HIS GAME,	
01715	0C4D:Q:1	퀴즈	80	WHAT'S THE CHURCH GHOST HAND'S NAME?	
01716	0C4D:Q:2	퀴즈	81	MOTZAND	
01717	0C4D:Q:3	퀴즈	82	STRAUSAND	
01718	0C4D:Q:4	퀴즈	83	BACHAND	
01719	0C4E:Q:0	퀴즈	80	PART OF MONSTER MANSION'S RACE,	
01720	0C4E:Q:1	퀴즈	80	WHAT'S THE TIME ON THE CHURCH CLOCK FACE?	
01721	0C4E:Q:2	퀴즈	81	NOTHING, ITS HANDS HAVE FALLEN OFF	
01722	0C4E:Q:3	퀴즈	82	MIDNIGHT	
01723	0C4E:Q:4	퀴즈	83	MIDDAY	
01724	0C4F:Q:0	퀴즈	80	IN MONSTER MANSION YOU CAN CREEP,	
01725	0C4F:Q:1	퀴즈	80	BUT WHAT WAKES THE GHOST FROM HIS SLEEP?	
01726	0C4F:Q:2	퀴즈	81	BANJO TREADS ON THE CREAKY FLOORBOARDS	
01727	0C4F:Q:3	퀴즈	82	BANJO SETS OFF HIS ALARM CLOCK	
01728	0C4F:Q:4	퀴즈	83	BANJO HITS HIM WITH A PLANK OF WOOD	
01729	0C50:Q:0	퀴즈	80	RUSTY BAY'S CRANE HANGS OVER THE SIDE,	
01730	0C50:Q:1	퀴즈	80	IT HOLDS A BOX BUT WHAT'S INSIDE?	
01731	0C50:Q:2	퀴즈	81	TNT	
01732	0C50:Q:3	퀴즈	82	3 EXTRA LIVES	
01733	0C50:Q:4	퀴즈	83	GRUNTY'S EXPENSIVE NEW HI-FI	
01734	0C51:Q:0	퀴즈	80	THE BOX IN THE HOLD OF RUSTY BAY,	
01735	0C51:Q:1	퀴즈	80	HOW MANY TO BREAK WOULD YOU SAY?	
01736	0C51:Q:2	퀴즈	81	15	
01737	0C51:Q:3	퀴즈	82	11	
01738	0C51:Q:4	퀴즈	83	9	
01739	0C52:Q:0	퀴즈	80	THE GALLEY FRIDGE IN RUSTY BAY,	
01740	0C52:Q:1	퀴즈	80	TELL ME WHAT ON THE SHELVES LAY?	
01741	0C52:Q:2	퀴즈	81	KAZOOIE EGGS	
01742	0C52:Q:3	퀴즈	82	GRUNTY'S HIGH FAT SPREAD	
01743	0C52:Q:4	퀴즈	83	RED FEATHERS	
01744	0C53:Q:0	퀴즈	80	THE RUSTY BUCKET IS A TANKER,	
01745	0C53:Q:1	퀴즈	80	WHAT'S STUCK UNDERNEATH ITS ANCHOR?	
01746	0C53:Q:2	퀴즈	81	A DUMB DOLPHIN	
01747	0C53:Q:3	퀴즈	82	A CLUELESS CRAB	
01748	0C53:Q:4	퀴즈	83	A SILLY SEAHORSE	
01749	0C54:Q:0	퀴즈	80	IN RUSTY BAY YOU ACT THE CLOWN,	
01750	0C54:Q:1	퀴즈	80	WHICH OF THESE CAN'T YOU SLOW DOWN?	
01751	0C54:Q:2	퀴즈	81	THE TURNING COGS	
01752	0C54:Q:3	퀴즈	82	THE SPINNING FAN BLADES	
01753	0C54:Q:4	퀴즈	83	THE ROTATING PROPELLERS	
01754	0C55:Q:0	퀴즈	80	HERE'S THREE FACTS ABOUT RUSTY BAY,	
01755	0C55:Q:1	퀴즈	80	PICK THE ONE THAT'S TRUE TODAY?	
01756	0C55:Q:2	퀴즈	81	THERE ARE FOUR LIFEBOATS	
01757	0C55:Q:3	퀴즈	82	THE SHIP HAS THREE FUNNELS	
01758	0C55:Q:4	퀴즈	83	THE ENGINE ROOM HAS FOUR COGS	
01759	0C56:Q:0	퀴즈	80	IN RUSTY BAY YOU MAY HAVE BEEN,	
01760	0C56:Q:1	퀴즈	80	BUT WHAT ON THE WALLS ISN'T SEEN?	
01761	0C56:Q:2	퀴즈	81	TOLL 7	
01762	0C56:Q:3	퀴즈	82	TOLL 6	
01763	0C56:Q:4	퀴즈	83	TOLL 8	
01764	0C57:Q:0	퀴즈	80	GET THIS WRONG YOU LITTLE TOAD,	
01765	0C57:Q:1	퀴즈	80	RUSTY BAY'S WHISTLES, WHAT'S THE CODE?	
01766	0C57:Q:2	퀴즈	81	312-111	
01767	0C57:Q:3	퀴즈	82	213-111	
01768	0C57:Q:4	퀴즈	83	321-123	
01769	0C58:Q:0	퀴즈	80	CAPTAIN'S CABIN IN RUSTY BAY,	
01770	0C58:Q:1	퀴즈	80	WHAT'S ON THE BED DUVET I SAY?	
01771	0C58:Q:2	퀴즈	81	ANCHORS	
01772	0C58:Q:3	퀴즈	82	PROPELLERS	
01773	0C58:Q:4	퀴즈	83	FLOWERS	
01774	0C59:Q:0	퀴즈	80	THIS RUN OF LUCK WILL HAVE TO STOP,	
01775	0C59:Q:1	퀴즈	80	BIG SHIP'S THIRD FUNNEL, WHAT'S ON TOP?	
01776	0C59:Q:2	퀴즈	81	THERE IS NO THIRD FUNNEL	
01777	0C59:Q:3	퀴즈	82	A JIGSAW PIECE	
01778	0C59:Q:4	퀴즈	83	A MUMBO TOKEN	
01779	0C5A:Q:0	퀴즈	80	IN CLICK CLOCK WOOD HE'S THE KING,	
01780	0C5A:Q:1	퀴즈	80	WHAT'S THE SQUIRREL DOING IN SPRING?	
01781	0C5A:Q:2	퀴즈	81	EATING HIS NUTS	
01782	0C5A:Q:3	퀴즈	82	SLEEPING IN HIS BED	
01783	0C5A:Q:4	퀴즈	83	LOOKING FOR THE BEAVER	
01784	0C5B:Q:0	퀴즈	80	IN THE WOOD FOR THE PLANT TO GROW,	
01785	0C5B:Q:1	퀴즈	80	WHAT IN THE GROUND MUST YOU SOW?	
01786	0C5B:Q:2	퀴즈	81	AN EGG	
01787	0C5B:Q:3	퀴즈	82	A SEED	
01788	0C5B:Q:4	퀴즈	83	A BOMB	
01789	0C5C:Q:0	퀴즈	80	IN CLICK CLOCK WOOD THE EAGLE'S LAME,	
01790	0C5C:Q:1	퀴즈	80	CAN YOU RECALL THE STUPID BIRD'S NAME?	
01791	0C5C:Q:2	퀴즈	81	EYRIE	
01792	0C5C:Q:3	퀴즈	82	GOLDIE	
01793	0C5C:Q:4	퀴즈	83	BEERIE	
01794	0C5D:Q:0	퀴즈	80	IN CLICK CLOCK WOOD THE SHAMAN'S DUMB,	
01795	0C5D:Q:1	퀴즈	80	WHAT USELESS CREATURE DO YOU BECOME?	
01796	0C5D:Q:2	퀴즈	81	A BUMBLE BEE	
01797	0C5D:Q:3	퀴즈	82	A SQUIRREL	
01798	0C5D:Q:4	퀴즈	83	A SNAIL	
01799	0C5E:Q:0	퀴즈	80	THE GIANT PLANT IN CLICK CLOCK WOOD,	
01800	0C5E:Q:1	퀴즈	80	HOW'S IT GET WATER TO MAKE IT BUD?	
01801	0C5E:Q:2	퀴즈	81	FROM A CAMEL	
01802	0C5E:Q:3	퀴즈	82	FROM A GIANT WATERING CAN	
01803	0C5E:Q:4	퀴즈	83	FROM KAZOOIE'S SPECIAL WATER EGGS	
01804	0C5F:Q:0	퀴즈	80	IN CLICK CLOCK WOOD I'VE NO DOUBT,	
01805	0C5F:Q:1	퀴즈	80	IN WHICH SEASON IS THERE A DROUGHT?	
01806	0C5F:Q:2	퀴즈	81	SUMMER	
01807	0C5F:Q:3	퀴즈	82	WINTER	
01808	0C5F:Q:4	퀴즈	83	AUTUMN	
01809	0C60:Q:0	퀴즈	80	CLICK CLOCK WOOD'S WINTER IS DULL,	
01810	0C60:Q:1	퀴즈	80	WHAT'S MUMBO DOING IN HIS SKULL?	
01811	0C60:Q:2	퀴즈	81	HE'S NOT EVEN THERE	
01812	0C60:Q:3	퀴즈	82	BUILDING A SNOWMAN	
01813	0C60:Q:4	퀴즈	83	WARMING HIMSELF BY THE FIRE	
01814	0C61:Q:0	퀴즈	80	THE CLICK CLOCK EAGLE THAT YOU MEET,	
01815	0C61:Q:1	퀴즈	80	HOW MANY AUTUMN WORMS WILL HE EAT?	
01816	0C61:Q:2	퀴즈	81	10	
01817	0C61:Q:3	퀴즈	82	5	
01818	0C61:Q:4	퀴즈	83	25	
01819	0C62:Q:0	퀴즈	80	IN CLICK CLOCK WOOD A BIG OAK GREW,	
01820	0C62:Q:1	퀴즈	80	WHICH OF THESE IS THE ONE THAT'S TRUE?	
01821	0C62:Q:2	퀴즈	81	THE LEAVES ARE LARGEST IN SUMMER	
01822	0C62:Q:3	퀴즈	82	THE GRASS IS HIGHEST IN AUTUMN	
01823	0C62:Q:4	퀴즈	83	THE SQUIRREL IS OUTSIDE IN WINTER	
01824	0C63:Q:0	퀴즈	80	CLICK CLOCK'S BEAVER IS REALLY DUMB,	
01825	0C63:Q:1	퀴즈	80	WHAT'S THE PROBLEM THAT MAKES HIM GLUM?	
01826	0C63:Q:2	퀴즈	81	HE CAN'T GET IN HIS HOUSE	
01827	0C63:Q:3	퀴즈	82	HE'S GOT NOTHING TO EAT	
01828	0C63:Q:4	퀴즈	83	HIS HEAD HAS FALLEN OFF	
01829	0C64:Q:0	퀴즈	80	SEE THE PICTURE ON MY SCREEN, DO YOU KNOW WHERE YOU HAVE BEEN?	
01830	0C64:Q:1	퀴즈	81	MUMBO'S MOUNTAIN	
01831	0C64:Q:2	퀴즈	82	BUBBLEGLOOP SWAMP	
01832	0C64:Q:3	퀴즈	83	CLICK CLOCK WOOD	
01833	0C65:Q:0	퀴즈	80	SEE THE PICTURE ON MY SCREEN, DO YOU KNOW WHERE YOU HAVE BEEN?	
01834	0C65:Q:1	퀴즈	81	TREASURE TROVE COVE	
01835	0C65:Q:2	퀴즈	82	MUMBO'S MOUNTAIN	
01836	0C65:Q:3	퀴즈	83	CLICK CLOCK WOOD	
01837	0C66:Q:0	퀴즈	80	SEE THE PICTURE ON MY SCREEN, DO YOU KNOW WHERE YOU HAVE BEEN?	
01838	0C66:Q:1	퀴즈	81	CLANKER'S CAVERN	
01839	0C66:Q:2	퀴즈	82	RUSTY BUCKET BAY	
01840	0C66:Q:3	퀴즈	83	GRUNTY'S LAIR	
01841	0C67:Q:0	퀴즈	80	SEE THE PICTURE ON MY SCREEN, DO YOU KNOW WHERE YOU HAVE BEEN?	
01842	0C67:Q:1	퀴즈	81	BUBBLEGLOOP SWAMP	
01843	0C67:Q:2	퀴즈	82	GRUNTY'S LAIR	
01844	0C67:Q:3	퀴즈	83	CLICK CLOCK WOOD	
01845	0C68:Q:0	퀴즈	80	SEE THE PICTURE ON MY SCREEN, DO YOU KNOW WHERE YOU HAVE BEEN?	
01846	0C68:Q:1	퀴즈	81	FREEZEEZY PEAK	
01847	0C68:Q:2	퀴즈	82	CLICK CLOCK WOOD	
01848	0C68:Q:3	퀴즈	83	GRUNTY'S LAIR	
01849	0C69:Q:0	퀴즈	80	SEE THE PICTURE ON MY SCREEN, DO YOU KNOW WHERE YOU HAVE BEEN?	
01850	0C69:Q:1	퀴즈	81	GOBI'S VALLEY	
01851	0C69:Q:2	퀴즈	82	TREASURE TROVE COVE	
01852	0C69:Q:3	퀴즈	83	MUMBO'S MOUNTAIN	
01853	0C6A:Q:0	퀴즈	80	SEE THE PICTURE ON MY SCREEN, DO YOU KNOW WHERE YOU HAVE BEEN?	
01854	0C6A:Q:1	퀴즈	81	MAD MONSTER MANSION	
01855	0C6A:Q:2	퀴즈	82	RUSTY BUCKET BAY	
01856	0C6A:Q:3	퀴즈	83	CLANKER'S CAVERN	
01857	0C6B:Q:0	퀴즈	80	SEE THE PICTURE ON MY SCREEN, DO YOU KNOW WHERE YOU HAVE BEEN?	
01858	0C6B:Q:1	퀴즈	81	RUSTY BUCKET BAY	
01859	0C6B:Q:2	퀴즈	82	MAD MONSTER MANSION	
01860	0C6B:Q:3	퀴즈	83	CLANKER'S CAVERN	
01861	0C6C:Q:0	퀴즈	80	SEE THE PICTURE ON MY SCREEN, DO YOU KNOW WHERE YOU HAVE BEEN?	
01862	0C6C:Q:1	퀴즈	81	CLICK CLOCK WOOD	
01863	0C6C:Q:2	퀴즈	82	MAD MONSTER MANSION	
01864	0C6C:Q:3	퀴즈	83	BUBBLEGLOOP SWAMP	
01865	0C6D:Q:0	퀴즈	80	HERE'S A CHARACTER FROM THE GAME, DO YOU KNOW THE DUMB THING'S NAME?	
01866	0C6D:Q:1	퀴즈	81	GOBI	
01867	0C6D:Q:2	퀴즈	82	GUMBI	
01868	0C6D:Q:3	퀴즈	83	DIMBO	
01869	0C6E:Q:0	퀴즈	80	HERE'S A CHARACTER FROM THE GAME, DO YOU KNOW THE DUMB THING'S NAME?	
01870	0C6E:Q:1	퀴즈	81	MUMBO JUMBO	
01871	0C6E:Q:2	퀴즈	82	LUMPY DUMPY	
01872	0C6E:Q:3	퀴즈	83	NAMBY PAMBY	
01873	0C6F:Q:0	퀴즈	80	HERE'S A CHARACTER FROM THE GAME, DO YOU KNOW THE DUMB THING'S NAME?	
01874	0C6F:Q:1	퀴즈	81	NABNUT	
01875	0C6F:Q:2	퀴즈	82	GRABNUT	
01876	0C6F:Q:3	퀴즈	83	ROBNUT	
01877	0C70:Q:0	퀴즈	80	HERE'S A CHARACTER FROM THE GAME, DO YOU KNOW THE DUMB THING'S NAME?	
01878	0C70:Q:1	퀴즈	81	JINJO	
01879	0C70:Q:2	퀴즈	82	BINJO	
01880	0C70:Q:3	퀴즈	83	WINJO	
01881	0C71:Q:0	퀴즈	80	HERE'S A CHARACTER FROM THE GAME, DO YOU KNOW THE DUMB THING'S NAME?	
01882	0C71:Q:1	퀴즈	81	CLANKER	
01883	0C71:Q:2	퀴즈	82	CLINKER	
01884	0C71:Q:3	퀴즈	83	CLUNKER	
01885	0C72:Q:0	퀴즈	80	HERE'S A CHARACTER FROM THE GAME, TELL ME NOW THE DUMB THING'S NAME?	
01886	0C72:Q:1	퀴즈	81	MR. VILE	
01887	0C72:Q:2	퀴즈	82	MRS. PILE	
01888	0C72:Q:3	퀴즈	83	MADAM BILE	
01889	0C73:Q:0	퀴즈	80	HERE'S A CHARACTER FROM THE GAME, DO YOU KNOW THE DUMB THING'S NAME?	
01890	0C73:Q:1	퀴즈	81	TRUNKER	
01891	0C73:Q:2	퀴즈	82	DRINKER	
01892	0C73:Q:3	퀴즈	83	STINKER	
01893	0C74:Q:0	퀴즈	80	HERE'S A CHARACTER FROM THE GAME, DO YOU KNOW THE DUMB THING'S NAME?	
01894	0C74:Q:1	퀴즈	81	CAPTAIN BLUBBER	
01895	0C74:Q:2	퀴즈	82	CAPTAIN BLABBER	
01896	0C74:Q:3	퀴즈	83	CAPTAIN BLADDER	
01897	0C75:Q:0	퀴즈	80	HERE'S A CHARACTER FROM THE GAME, DO YOU KNOW THE DUMB THING'S NAME?	
01898	0C75:Q:1	퀴즈	81	BOGGY	
01899	0C75:Q:2	퀴즈	82	SOGGY	
01900	0C75:Q:3	퀴즈	83	PEGGY	
01901	0C76:Q:0	퀴즈	80	HERE'S A CHARACTER FROM THE GAME, DO YOU KNOW THE DUMB THING'S NAME?	
01902	0C76:Q:1	퀴즈	81	BOTTLES	
01903	0C76:Q:2	퀴즈	82	BUGGLES	
01904	0C76:Q:3	퀴즈	83	PIDDLES	
01905	0C77:Q:0	퀴즈	80	YOU PICK UP ITEMS ON THE GROUND,	
01906	0C77:Q:1	퀴즈	80	WHICH ONE MAKES THIS SILLY SOUND?	
01907	0C77:Q:2	퀴즈	81	SHAMAN'S TOKEN	
01908	0C77:Q:3	퀴즈	82	EXTRA LIFE	
01909	0C77:Q:4	퀴즈	83	SHAMAN'S WIFE	
01910	0C78:Q:0	퀴즈	80	YOU PICK UP ITEMS ON THE GROUND,	
01911	0C78:Q:1	퀴즈	80	WHICH ONE MAKES THIS SILLY SOUND?	
01912	0C78:Q:2	퀴즈	81	BLUE EGGS	
01913	0C78:Q:3	퀴즈	82	MUSICAL NOTES	
01914	0C78:Q:4	퀴즈	83	MUSICAL GOATS	
01915	0C79:Q:0	퀴즈	80	YOU PICK UP ITEMS ON THE GROUND,	
01916	0C79:Q:1	퀴즈	80	WHICH ONE MAKES THIS SILLY SOUND?	
01917	0C79:Q:2	퀴즈	81	RED FEATHER	
01918	0C79:Q:3	퀴즈	82	GOLD FEATHER	
01919	0C79:Q:4	퀴즈	83	FEATHER PILLOW	
01920	0C7A:Q:0	퀴즈	80	YOU PICK UP ITEMS ON THE GROUND,	
01921	0C7A:Q:1	퀴즈	80	WHICH ONE MAKES THIS SILLY SOUND?	
01922	0C7A:Q:2	퀴즈	81	EXTRA LIFE	
01923	0C7A:Q:3	퀴즈	82	EXTRA WIFE	
01924	0C7A:Q:4	퀴즈	83	EXTRA HONEYCOMB PIECE	
01925	0C7B:Q:0	퀴즈	80	YOU PICK UP ITEMS ON THE GROUND,	
01926	0C7B:Q:1	퀴즈	80	WHICH ONE MAKES THIS SILLY SOUND?	
01927	0C7B:Q:2	퀴즈	81	HONEYCOMB	
01928	0C7B:Q:3	퀴즈	82	BLUE EGGS	
01929	0C7B:Q:4	퀴즈	83	HAIR COMB	
01930	0C7C:Q:0	퀴즈	80	YOU PICK UP ITEMS ON THE GROUND,	
01931	0C7C:Q:1	퀴즈	80	WHICH ONE MAKES THIS SILLY SOUND?	
01932	0C7C:Q:2	퀴즈	81	MUSICAL NOTES	
01933	0C7C:Q:3	퀴즈	82	BLUE EGGS	
01934	0C7C:Q:4	퀴즈	83	BLUE WHALE	
01935	0C7D:Q:0	퀴즈	80	YOU PICK UP ITEMS ON THE GROUND,	
01936	0C7D:Q:1	퀴즈	80	WHICH ONE MAKES THIS SILLY SOUND?	
01937	0C7D:Q:2	퀴즈	81	GOLD FEATHER	
01938	0C7D:Q:3	퀴즈	82	RED FEATHER	
01939	0C7D:Q:4	퀴즈	83	GOLD NECKLACE	
01940	0C7E:Q:0	퀴즈	80	YOU PICK UP ITEMS ON THE GROUND,	
01941	0C7E:Q:1	퀴즈	80	WHICH ONE MAKES THIS SILLY SOUND?	
01942	0C7E:Q:2	퀴즈	81	EXTRA HONEYCOMB PIECE	
01943	0C7E:Q:3	퀴즈	82	EXTRA LIFE	
01944	0C7E:Q:4	퀴즈	83	EXTRA MONEY	
01945	0C7F:Q:0	퀴즈	80	LISTEN UP NOW THEN MAKE YOUR CHOICE,	
01946	0C7F:Q:1	퀴즈	80	WHICH CHARACTER HAS THIS DUMB VOICE?	
01947	0C7F:Q:2	퀴즈	81	GOBI THE CAMEL	
01948	0C7F:Q:3	퀴즈	82	MOBI THE CAMEL	
01949	0C7F:Q:4	퀴즈	83	HOBO THE CAMEL	
01950	0C80:Q:0	퀴즈	80	LISTEN UP NOW THEN MAKE YOUR CHOICE,	
01951	0C80:Q:1	퀴즈	80	WHICH CHARACTER HAS THIS DUMB VOICE?	
01952	0C80:Q:2	퀴즈	81	CLANKER THE WHALE	
01953	0C80:Q:3	퀴즈	82	CRANKY THE WHALE	
01954	0C80:Q:4	퀴즈	83	CRANKY KONG	
01955	0C81:Q:0	퀴즈	80	LISTEN UP NOW THEN MAKE YOUR CHOICE,	
01956	0C81:Q:1	퀴즈	80	WHICH CHARACTER HAS THIS DUMB VOICE?	
01957	0C81:Q:2	퀴즈	81	TRUNKER THE TREE	
01958	0C81:Q:3	퀴즈	82	STINKER THE TREE	
01959	0C81:Q:4	퀴즈	83	TRUNKER THE ELEPHANT	
01960	0C82:Q:0	퀴즈	80	LISTEN UP NOW THEN MAKE YOUR CHOICE,	
01961	0C82:Q:1	퀴즈	80	WHICH CHARACTER HAS THIS DUMB VOICE?	
01962	0C82:Q:2	퀴즈	81	MR. VILE THE CROCODILE	
01963	0C82:Q:3	퀴즈	82	MR. PILES THE ALLIGATOR	
01964	0C82:Q:4	퀴즈	83	MRS. BILE THE CROCODILE	
01965	0C83:Q:0	퀴즈	80	LISTEN UP NOW THEN MAKE YOUR CHOICE,	
01966	0C83:Q:1	퀴즈	80	WHICH CHARACTER HAS THIS DUMB VOICE?	
01967	0C83:Q:2	퀴즈	81	CAPTAIN BLUBBER THE HIPPO PIRATE	
01968	0C83:Q:3	퀴즈	82	CAPTAIN BLACKEYE THE PIRATE	
01969	0C83:Q:4	퀴즈	83	ADMIRAL BROWNEYE THE DIRTY PIRATE	
01970	0C84:Q:0	퀴즈	80	LISTEN UP NOW THEN MAKE YOUR CHOICE,	
01971	0C84:Q:1	퀴즈	80	WHICH CHARACTER HAS THIS DUMB VOICE?	
01972	0C84:Q:2	퀴즈	81	MUMBO JUMBO THE SHAMAN	
01973	0C84:Q:3	퀴즈	82	HUMBA WUMBA THE SHAMAN	
01974	0C84:Q:4	퀴즈	83	JIMBO JAMBO THE SHAMAN	
01975	0C85:Q:0	퀴즈	80	LISTEN UP NOW THEN MAKE YOUR CHOICE,	
01976	0C85:Q:1	퀴즈	80	WHICH CHARACTER HAS THIS DUMB VOICE?	
01977	0C85:Q:2	퀴즈	81	CONGA THE GORILLA	
01978	0C85:Q:3	퀴즈	82	FUNKY THE MONKEY	
01979	0C85:Q:4	퀴즈	83	CHIMPY THE CHIMP	
01980	0C86:Q:0	퀴즈	80	LISTEN UP NOW THEN MAKE YOUR CHOICE,	
01981	0C86:Q:1	퀴즈	80	WHICH CHARACTER HAS THIS DUMB VOICE?	
01982	0C86:Q:2	퀴즈	81	BOTTLES THE MOLE	
01983	0C86:Q:3	퀴즈	82	JAMJARS THE MOLE	
01984	0C86:Q:4	퀴즈	83	BEAKERS THE MOLE	
01985	0C87:Q:0	퀴즈	80	LISTEN UP NOW THEN MAKE YOUR CHOICE,	
01986	0C87:Q:1	퀴즈	80	WHICH CHARACTER HAS THIS DUMB VOICE?	
01987	0C87:Q:2	퀴즈	81	CHIMPY THE CHIMP	
01988	0C87:Q:3	퀴즈	82	CONGA THE GORILLA	
01989	0C87:Q:4	퀴즈	83	BUMPY THE BABOON	
01990	0C88:Q:0	퀴즈	80	LISTEN UP NOW THEN MAKE YOUR CHOICE,	
01991	0C88:Q:1	퀴즈	80	WHICH CHARACTER HAS THIS DUMB VOICE?	
01992	0C88:Q:2	퀴즈	81	TIPTUP THE TURTLE	
01993	0C88:Q:3	퀴즈	82	RIPTUP THE TURTLE	
01994	0C88:Q:4	퀴즈	83	BOTTLES THE MOLE	
01995	0C89:Q:0	퀴즈	80	LISTEN UP NOW THEN MAKE YOUR CHOICE,	
01996	0C89:Q:1	퀴즈	80	WHICH CHARACTER HAS THIS DUMB VOICE?	
01997	0C89:Q:2	퀴즈	81	RUBEE THE SNAKE CHARMER	
01998	0C89:Q:3	퀴즈	82	RATLEE THE SNAKE	
01999	0C89:Q:4	퀴즈	83	HISTUP THE SNAKE	
02000	0C8A:Q:0	퀴즈	80	LISTEN UP NOW THEN MAKE YOUR CHOICE,	
02001	0C8A:Q:1	퀴즈	80	WHICH CHARACTER HAS THIS DUMB VOICE?	
02002	0C8A:Q:2	퀴즈	81	NAPPER THE SLEEPING GHOST	
02003	0C8A:Q:3	퀴즈	82	SIPPER THE DRINKING GHOST	
02004	0C8A:Q:4	퀴즈	83	NAKKER THE INJURED GHOST	
02005	0C8B:Q:0	퀴즈	80	LISTEN UP NOW THEN MAKE YOUR CHOICE,	
02006	0C8B:Q:1	퀴즈	80	WHICH CHARACTER HAS THIS DUMB VOICE?	
02007	0C8B:Q:2	퀴즈	81	SNORKEL THE DOLPHIN	
02008	0C8B:Q:3	퀴즈	82	AQUALUNG THE DOLPHIN	
02009	0C8B:Q:4	퀴즈	83	BUBBLES THE FISH	
02010	0C8C:Q:0	퀴즈	80	LISTEN UP NOW THEN MAKE YOUR CHOICE,	
02011	0C8C:Q:1	퀴즈	80	WHICH CHARACTER HAS THIS COOL VOICE?	
02012	0C8C:Q:2	퀴즈	81	GRUNTILDA THE WITCH	
02013	0C8C:Q:3	퀴즈	82	BRENTILDA THE FAIRY GODMOTHER	
02014	0C8C:Q:4	퀴즈	83	TOOTY THE BEAR	
02015	0C8D:Q:0	퀴즈	80	LISTEN UP NOW THEN MAKE YOUR CHOICE,	
02016	0C8D:Q:1	퀴즈	80	WHICH CHARACTER HAS THIS DUMB VOICE?	
02017	0C8D:Q:2	퀴즈	81	BOGGY THE POLAR BEAR	
02018	0C8D:Q:3	퀴즈	82	WOZZA THE WALRUS	
02019	0C8D:Q:4	퀴즈	83	BOZZO THE SEAL	
02020	0C8E:Q:0	퀴즈	80	LISTEN UP NOW THEN MAKE YOUR CHOICE,	
02021	0C8E:Q:1	퀴즈	80	WHICH CHARACTER HAS THIS DUMB VOICE?	
02022	0C8E:Q:2	퀴즈	81	WOZZA THE WALRUS	
02023	0C8E:Q:3	퀴즈	82	SNORKEL THE DOLPHIN	
02024	0C8E:Q:4	퀴즈	83	ROBNUT THE SQUIRREL	
02025	0C8F:Q:0	퀴즈	80	LISTEN UP NOW THEN MAKE YOUR CHOICE,	
02026	0C8F:Q:1	퀴즈	80	WHICH CHARACTER HAS THIS DUMB VOICE?	
02027	0C8F:Q:2	퀴즈	81	NABNUT THE SQUIRREL	
02028	0C8F:Q:3	퀴즈	82	GNAWTY THE BEAVER	
02029	0C8F:Q:4	퀴즈	83	CONKER THE SQUIRREL	
02030	0C90:Q:0	퀴즈	80	LISTEN UP NOW THEN MAKE YOUR CHOICE,	
02031	0C90:Q:1	퀴즈	80	WHICH CHARACTERS HAVE THIS DUMB VOICE?	
02032	0C90:Q:2	퀴즈	81	THE POLAR BEAR KIDS	
02033	0C90:Q:3	퀴즈	82	THE TURTLE CHOIR	
02034	0C90:Q:4	퀴즈	83	THE MUMMY ORCHESTRA	
02035	0C91:Q:0	퀴즈	80	LISTEN UP NOW THEN MAKE YOUR CHOICE,	
02036	0C91:Q:1	퀴즈	80	WHICH CHARACTER HAS THIS DUMB VOICE?	
02037	0C91:Q:2	퀴즈	81	EYRIE THE EAGLE	
02038	0C91:Q:3	퀴즈	82	BEERIE THE BUZZARD	
02039	0C91:Q:4	퀴즈	83	KAZOOIE THE BREEGULL	
02040	0C92:Q:0	퀴즈	80	LISTEN UP NOW THEN MAKE YOUR CHOICE,	
02041	0C92:Q:1	퀴즈	80	WHICH CHARACTER HAS THIS DUMB VOICE?	
02042	0C92:Q:2	퀴즈	81	BRENTILDA THE UGLY FAIRY GODMOTHER	
02043	0C92:Q:3	퀴즈	82	GRUNTILDA THE LOVELY WITCH	
02044	0C92:Q:4	퀴즈	83	TOOTY THE NASTY BEAR	
02045	0C93:Q:0	퀴즈	80	LISTEN UP NOW THEN MAKE YOUR CHOICE,	
02046	0C93:Q:1	퀴즈	80	WHICH CHARACTER HAS THIS DUMB VOICE?	
02047	0C93:Q:2	퀴즈	81	TOOTY THE BEAR	
02048	0C93:Q:3	퀴즈	82	BANJO THE STUPID FAT BEAR	
02049	0C93:Q:4	퀴즈	83	BOTTLES THE MOLE	
02050	0C94:Q:0	퀴즈	80	LISTEN UP NOW THEN MAKE YOUR CHOICE,	
02051	0C94:Q:1	퀴즈	80	WHICH CHARACTER HAS THIS DUMB VOICE?	
02052	0C94:Q:2	퀴즈	81	LOGGO THE TOILET	
02053	0C94:Q:3	퀴즈	82	SHANKER THE TOILET	
02054	0C94:Q:4	퀴즈	83	WIZZO THE WASHBASIN	
02055	0C95:Q:0	퀴즈	80	LISTEN UP NOW THEN MAKE YOUR CHOICE,	
02056	0C95:Q:1	퀴즈	80	WHICH CHARACTER HAS THIS DUMB VOICE?	
02057	0C95:Q:2	퀴즈	81	NIPPER THE HERMIT CRAB	
02058	0C95:Q:3	퀴즈	82	SNIPPET THE CRAB	
02059	0C95:Q:4	퀴즈	83	NIBBLES THE CROCODILE	
02060	0C96:Q:0	퀴즈	80	LISTEN UP NOW THEN MAKE YOUR CHOICE,	
02061	0C96:Q:1	퀴즈	80	WHICH CHARACTER HAS THIS DUMB VOICE?	
02062	0C96:Q:2	퀴즈	81	TANKTUP THE GIANT TURTLE	
02063	0C96:Q:3	퀴즈	82	NIPPER THE HUGE CRAB	
02064	0C96:Q:4	퀴즈	83	SLAPPER THE MASSIVE WHALE	
02065	0C97:Q:0	퀴즈	80	LISTEN UP NOW THEN MAKE YOUR CHOICE,	
02066	0C97:Q:1	퀴즈	80	WHICH CHARACTER HAS THIS DUMB VOICE?	
02067	0C97:Q:2	퀴즈	81	JINJO	
02068	0C97:Q:3	퀴즈	82	TOOTY	
02069	0C97:Q:4	퀴즈	83	BOTTLES	
02070	0C98:Q:0	퀴즈	80	WHEN THIS PIECE OF MUSIC'S HEARD,	
02071	0C98:Q:1	퀴즈	80	WHICH MOVE'S DONE BY YOUR STUPID BIRD?	
02072	0C98:Q:2	퀴즈	81	TURBO TALON TROT	
02073	0C98:Q:3	퀴즈	82	WONDER WING	
02074	0C98:Q:4	퀴즈	83	WONDER TURBO WING TROT	
02075	0C99:Q:0	퀴즈	80	WHEN THIS PIECE OF MUSIC IS HEARD,	
02076	0C99:Q:1	퀴즈	80	WHICH MOVE'S DONE BY YOUR STUPID BIRD?	
02077	0C99:Q:2	퀴즈	81	STILT STRIDE	
02078	0C99:Q:3	퀴즈	82	TURBO TALON TROT	
02079	0C99:Q:4	퀴즈	83	TURBO STILT TALON STRIDE	
02080	0C9A:Q:0	퀴즈	80	WHEN THIS PIECE OF MUSIC IS HEARD,	
02081	0C9A:Q:1	퀴즈	80	WHICH MOVE'S DONE BY YOUR STUPID BIRD?	
02082	0C9A:Q:2	퀴즈	81	WONDER WING	
02083	0C9A:Q:3	퀴즈	82	STILT STRIDE	
02084	0C9A:Q:4	퀴즈	83	WONDER STRIDE STILT WING	
02085	0C9B:Q:0	퀴즈	80	YOU SHOULD REMEMBER BUT WE'LL SEE,	
02086	0C9B:Q:1	퀴즈	80	IF THIS IS HEARD WHERE WOULD YOU BE?	
02087	0C9B:Q:2	퀴즈	81	INSIDE THE POLAR BEAR'S IGLOO	
02088	0C9B:Q:3	퀴즈	82	INSIDE THE HAUNTED CHURCH	
02089	0C9B:Q:4	퀴즈	83	INSIDE THE HAUNTED BEAR'S CHURCH	
02090	0C9C:Q:0	퀴즈	80	YOU SHOULD REMEMBER BUT WE'LL SEE,	
02091	0C9C:Q:1	퀴즈	80	IF THIS IS HEARD WHERE WOULD YOU BE?	
02092	0C9C:Q:2	퀴즈	81	INSIDE THE SQUIRREL'S TREE HOUSE	
02093	0C9C:Q:3	퀴즈	82	INSIDE BANJO'S HOUSE	
02094	0C9C:Q:4	퀴즈	83	INSIDE BANJO THE SQUIRREL'S HOUSE	
02095	0C9D:Q:0	퀴즈	80	YOU SHOULD REMEMBER BUT WE'LL SEE,	
02096	0C9D:Q:1	퀴즈	80	IF THIS IS HEARD WHERE WOULD YOU BE?	
02097	0C9D:Q:2	퀴즈	81	INSIDE THE SHAMAN'S SKULL	
02098	0C9D:Q:3	퀴즈	82	INSIDE THE CROCODILE'S HEAD	
02099	0C9D:Q:4	퀴즈	83	INSIDE THE SHAMAN'S HEAD	
02100	0C9E:Q:0	퀴즈	80	LISTEN CAREFULLY TO THIS TUNE,	
02101	0C9E:Q:1	퀴즈	80	WHICH WORLD'S IT FROM, YOU FURRY GOON?	
02102	0C9E:Q:2	퀴즈	81	MUMBO'S MOUNTAIN	
02103	0C9E:Q:3	퀴즈	82	MAD MONSTER MANSION	
02104	0C9E:Q:4	퀴즈	83	MAD MUMBO'S MANSION	
02105	0C9F:Q:0	퀴즈	80	LISTEN CAREFULLY TO THIS TUNE,	
02106	0C9F:Q:1	퀴즈	80	WHICH WORLD'S IT FROM, YOU FURRY GOON?	
02107	0C9F:Q:2	퀴즈	81	TREASURE TROVE COVE	
02108	0C9F:Q:3	퀴즈	82	RUSTY BUCKET BAY	
02109	0C9F:Q:4	퀴즈	83	TREASURE BUCKET BAY	
02110	0CA0:Q:0	퀴즈	80	LISTEN CAREFULLY TO THIS TUNE,	
02111	0CA0:Q:1	퀴즈	80	WHICH WORLD'S IT FROM, YOU FURRY GOON?	
02112	0CA0:Q:2	퀴즈	81	CLANKER'S CAVERN	
02113	0CA0:Q:3	퀴즈	82	CLICK CLOCK WOOD	
02114	0CA0:Q:4	퀴즈	83	CLANKER'S CLOCK	
02115	0CA1:Q:0	퀴즈	80	LISTEN CAREFULLY TO THIS TUNE,	
02116	0CA1:Q:1	퀴즈	80	WHICH WORLD'S IT FROM, YOU FURRY GOON?	
02117	0CA1:Q:2	퀴즈	81	BUBBLEGLOOP SWAMP	
02118	0CA1:Q:3	퀴즈	82	MUMBO'S MOUNTAIN	
02119	0CA1:Q:4	퀴즈	83	BUBBLE GUM MOUNTAIN	
02120	0CA2:Q:0	퀴즈	80	LISTEN CAREFULLY TO THIS TUNE,	
02121	0CA2:Q:1	퀴즈	80	WHICH WORLD'S IT FROM, YOU FURRY GOON?	
02122	0CA2:Q:2	퀴즈	81	GOBI'S VALLEY	
02123	0CA2:Q:3	퀴즈	82	FREEZEEZY PEAK	
02124	0CA2:Q:4	퀴즈	83	GOBI'S PEAK	
02125	0CA3:Q:0	퀴즈	80	LISTEN CAREFULLY TO THIS TUNE,	
02126	0CA3:Q:1	퀴즈	80	WHICH WORLD'S IT FROM, YOU FURRY GOON?	
02127	0CA3:Q:2	퀴즈	81	MAD MONSTER MANSION	
02128	0CA3:Q:3	퀴즈	82	RUSTY BUCKET BAY	
02129	0CA3:Q:4	퀴즈	83	RUSTY MONSTER BAY	
02130	0CA4:Q:0	퀴즈	80	LISTEN CAREFULLY TO THIS TUNE,	
02131	0CA4:Q:1	퀴즈	80	WHICH WORLD'S IT FROM, YOU FURRY GOON?	
02132	0CA4:Q:2	퀴즈	81	FREEZEEZY PEAK	
02133	0CA4:Q:3	퀴즈	82	TREASURE TROVE COVE	
02134	0CA4:Q:4	퀴즈	83	FREEZEEZY COVE	
02135	0CA5:Q:0	퀴즈	80	LISTEN CAREFULLY TO THIS TUNE,	
02136	0CA5:Q:1	퀴즈	80	WHICH WORLD'S IT FROM, YOU FURRY GOON?	
02137	0CA5:Q:2	퀴즈	81	CLICK CLOCK WOOD	
02138	0CA5:Q:3	퀴즈	82	BUBBLEGLOOP SWAMP	
02139	0CA5:Q:4	퀴즈	83	BUBBLECLOCK WOOD	
02140	0CA6:Q:0	퀴즈	80	LISTEN CAREFULLY TO THIS TUNE,	
02141	0CA6:Q:1	퀴즈	80	WHICH WORLD'S IT FROM, YOU FURRY GOON?	
02142	0CA6:Q:2	퀴즈	81	RUSTY BUCKET BAY	
02143	0CA6:Q:3	퀴즈	82	CLICK CLOCK WOOD	
02144	0CA6:Q:4	퀴즈	83	RUSTY CLOCK WOOD	
02145	0CA7:Q:0	퀴즈	80	YOU SHOULD REMEMBER BUT WE'LL SEE,	
02146	0CA7:Q:1	퀴즈	80	IF THIS IS HEARD WHERE WOULD YOU BE?	
02147	0CA7:Q:2	퀴즈	81	INSIDE THE HORNET HIVE	
02148	0CA7:Q:3	퀴즈	82	INSIDE THE TERMITE TOWER	
02149	0CA7:Q:4	퀴즈	83	INSIDE THE CRAB SHELL	
02150	0CA8:Q:0	퀴즈	80	YOU SHOULD REMEMBER BUT WE'LL SEE,	
02151	0CA8:Q:1	퀴즈	80	IF THIS IS HEARD WHERE WOULD YOU BE?	
02152	0CA8:Q:2	퀴즈	81	INSIDE THE WALRUS'S CAVE	
02153	0CA8:Q:3	퀴즈	82	INSIDE THE GIANT MECHANICAL WHALE	
02154	0CA8:Q:4	퀴즈	83	INSIDE THE SHAMAN'S SKULL	
02155	0CA9:Q:0	퀴즈	80	YOU SHOULD REMEMBER BUT WE'LL SEE,	
02156	0CA9:Q:1	퀴즈	80	IF THIS IS HEARD WHERE WOULD YOU BE?	
02157	0CA9:Q:2	퀴즈	81	INSIDE THE PIRATE SHIP HOLD	
02158	0CA9:Q:3	퀴즈	82	INSIDE THE GIANT TURTLE	
02159	0CA9:Q:4	퀴즈	83	INSIDE THE SPHINX	
02160	0CAA:Q:0	퀴즈	80	REMEMBER NOW BEFORE YOU LOSE,	
02161	0CAA:Q:1	퀴즈	80	WHAT TYPE TOOTHPASTE DO I USE?	
02162	0CAA:Q:2	퀴즈	81	TUNA ICE CREAM	
02163	0CAA:Q:3	퀴즈	82	SALTED SLUG	
02164	0CAA:Q:4	퀴즈	83	MOULDY CHEESE	
02165	0CAB:Q:0	퀴즈	80	LOOK AT MY HAIR, SEE IT FLOW,	
02166	0CAB:Q:1	퀴즈	80	WHAT'S IT WASHED WITH, DO YOU KNOW?	
02167	0CAB:Q:2	퀴즈	81	BAKED BEANS	
02168	0CAB:Q:3	퀴즈	82	ENGINE OIL	
02169	0CAB:Q:4	퀴즈	83	RANCID MILK	
02170	0CAC:Q:0	퀴즈	80	GRUNTY'S GOT A BEAUTIFUL POSE,	
02171	0CAC:Q:1	퀴즈	80	WHERE DO I GET MY DELIGHTFUL CLOTHES?	
02172	0CAC:Q:2	퀴즈	81	THE TRASHCAN	
02173	0CAC:Q:3	퀴즈	82	SAGGY MAGGY'S BOUTIQUE	
02174	0CAC:Q:4	퀴즈	83	THE WITCHES WAREHOUSE	
02175	0CAD:Q:0	퀴즈	80	BANJO'S STUPID, GRUNTY'S COOL,	
02176	0CAD:Q:1	퀴즈	80	WHAT WAS MY NAME AT WITCHES SCHOOL?	
02177	0CAD:Q:2	퀴즈	81	HOG BREATH	
02178	0CAD:Q:3	퀴즈	82	CAULDRON BUTT	
02179	0CAD:Q:4	퀴즈	83	JELLY BELLY	
02180	0CAE:Q:0	퀴즈	80	DO YOU KNOW, AND CAN YOU TELL,	
02181	0CAE:Q:1	퀴즈	80	WHAT ON EARTH'S MY FAVORITE SMELL?	
02182	0CAE:Q:2	퀴즈	81	PUTRID PARROT PUKE	
02183	0CAE:Q:3	퀴즈	82	SWEATY GORILLA FEET	
02184	0CAE:Q:4	퀴즈	83	FRESHLY BURST BOILS	
02185	0CAF:Q:0	퀴즈	80	GUESS THIS RIGHT OR YOU MAY LOSE,	
02186	0CAF:Q:1	퀴즈	80	WHAT'S THE ONLY COLOR I'D CHOOSE?	
02187	0CAF:Q:2	퀴즈	81	GHASTLY GREY	
02188	0CAF:Q:3	퀴즈	82	DUNG BROWN	
02189	0CAF:Q:4	퀴즈	83	GRUESOME GREEN	
02190	0CB0:Q:0	퀴즈	80	LOOK AT MY BUILD, MUSCLES TAUT,	
02191	0CB0:Q:1	퀴즈	80	WHAT'S MY MOST ENJOYABLE SPORT?	
02192	0CB0:Q:2	퀴즈	81	LOOGIE FLICKING	
02193	0CB0:Q:3	퀴즈	82	BELLY BARGING	
02194	0CB0:Q:4	퀴즈	83	BROOMSTICK RACING	
02195	0CB1:Q:0	퀴즈	80	WE DIDN'T WASH, THERE WAS NO POOL,	
02196	0CB1:Q:1	퀴즈	80	WHERE DID I GO TO WITCH SCHOOL?	
02197	0CB1:Q:2	퀴즈	81	CAULDRON COLLEGE	
02198	0CB1:Q:3	퀴즈	82	FAT HAG HIGH	
02199	0CB1:Q:4	퀴즈	83	ST. DUNGBALL'S	
02200	0CB2:Q:0	퀴즈	80	HERE'S THREE ANSWERS, ONE YOU'LL PICK,	
02201	0CB2:Q:1	퀴즈	80	WHAT'S MY AMAZING PARTY TRICK?	
02202	0CB2:Q:2	퀴즈	81	TO BLOW BALLOONS UP WITH MY BUTT!	
02203	0CB2:Q:3	퀴즈	82	TO PERFORM A STRIPTEASE!	
02204	0CB2:Q:4	퀴즈	83	TO EAT A BUCKET OF BEANS!	
02205	0CB3:Q:0	퀴즈	80	I LIKE 'EM FRIED, THEY'RE QUITE A TREAT,	
02206	0CB3:Q:1	퀴즈	80	WHAT FOR BREAKFAST DO I EAT?	
02207	0CB3:Q:2	퀴즈	81	RAT BAGELS	
02208	0CB3:Q:3	퀴즈	82	SPIDER PANCAKES	
02209	0CB3:Q:4	퀴즈	83	TADPOLES ON TOAST	
02210	0CB4:Q:0	퀴즈	80	I REALLY WISH I WAS THINNER,	
02211	0CB4:Q:1	퀴즈	80	WHAT DOES GRUNTY LIKE FOR DINNER?	
02212	0CB4:Q:2	퀴즈	81	DOG DUNG BURGERS	
02213	0CB4:Q:3	퀴즈	82	SLUG STEW	
02214	0CB4:Q:4	퀴즈	83	MAGGOT PIE	
02215	0CB5:Q:0	퀴즈	80	A LITTLE MORE, IT WOULDN'T HURT,	
02216	0CB5:Q:1	퀴즈	80	WHAT WOULD I HAVE FOR DESSERT?	
02217	0CB5:Q:2	퀴즈	81	EYEBALL ICE-CREAM	
02218	0CB5:Q:3	퀴즈	82	COCKROACHES AND CREAM	
02219	0CB5:Q:4	퀴즈	83	RAT SORBET	
02220	0CB6:Q:0	퀴즈	80	I CANNOT LIE, I TELL THE TRUTH,	
02221	0CB6:Q:1	퀴즈	80	WHAT'S HANGING FROM MY BEDROOM ROOF?	
02222	0CB6:Q:2	퀴즈	81	ROTTING FISH	
02223	0CB6:Q:3	퀴즈	82	SMELLY SOCKS	
02224	0CB6:Q:4	퀴즈	83	DIRTY UNDIES	
02225	0CB7:Q:0	퀴즈	80	A LOVELY SPECIMEN IN ITS POT,	
02226	0CB7:Q:1	퀴즈	80	IT'S BY MY BED, WHAT HAVE I GOT?	
02227	0CB7:Q:2	퀴즈	81	AN EYEBALL FLOWER	
02228	0CB7:Q:3	퀴즈	82	A VERRUCA PLANT	
02229	0CB7:Q:4	퀴즈	83	A LOOGIE BUSH	
02230	0CB8:Q:0	퀴즈	80	HOW DARE YOU LOOK, STOP THAT STARE,	
02231	0CB8:Q:1	퀴즈	80	WHAT COLOR UNDIES DO I WEAR?	
02232	0CB8:Q:2	퀴즈	81	STREAKY BROWN	
02233	0CB8:Q:3	퀴즈	82	SPOTTY PURPLE	
02234	0CB8:Q:4	퀴즈	83	SWEATY YELLOW	
02235	0CB9:Q:0	퀴즈	80	'CUZ OF ALL THOSE SPELLS I LEND,	
02236	0CB9:Q:1	퀴즈	80	WHOM AT SCHOOL WAS MY BEST FRIEND?	
02237	0CB9:Q:2	퀴즈	81	SAGGY MAGGY	
02238	0CB9:Q:3	퀴즈	82	SWEATY BETTY	
02239	0CB9:Q:4	퀴즈	83	FATTY HATTY	
02240	0CBA:Q:0	퀴즈	80	THE NEWS STAND IS WHERE I'VE BEEN,	
02241	0CBA:Q:1	퀴즈	80	WHAT'S MY FAVORITE MAGAZINE?	
02242	0CBA:Q:2	퀴즈	81	FAT HAG MONTHLY	
02243	0CBA:Q:3	퀴즈	82	WARTY GIRLS WEEKLY	
02244	0CBA:Q:4	퀴즈	83	BIG BUTTS AND GUTS	
02245	0CBB:Q:0	퀴즈	80	IS IT THIS, NOW LET ME THINK,	
02246	0CBB:Q:1	퀴즈	80	WHAT IS GRUNTY'S FAVORITE DRINK?	
02247	0CBB:Q:2	퀴즈	81	CAMEL SPIT MILKSHAKE	
02248	0CBB:Q:3	퀴즈	82	SMOOTHIE ELEPHANT SWEAT	
02249	0CBB:Q:4	퀴즈	83	COLD WORM JUICE	
02250	0CBC:Q:0	퀴즈	80	I USUALLY CURL UP IN A HEAP,	
02251	0CBC:Q:1	퀴즈	80	WHERE DOES GRUNTY LIKE TO SLEEP?	
02252	0CBC:Q:2	퀴즈	81	A COMFY DUMPSTER	
02253	0CBC:Q:3	퀴즈	82	ON A PILE OF TREASURE	
02254	0CBC:Q:4	퀴즈	83	IN A PIG STY	
02255	0CBD:Q:0	퀴즈	80	MY LOOKS AT SCHOOL WERE NEVER THIN,	
02256	0CBD:Q:1	퀴즈	80	WHAT AWARD DID I ALWAYS WIN?	
02257	0CBD:Q:2	퀴즈	81	BIGGEST BUTT	
02258	0CBD:Q:3	퀴즈	82	DIRTIEST UNDIES	
02259	0CBD:Q:4	퀴즈	83	SWEATIEST SOCKS	
02260	0CBE:Q:0	퀴즈	80	FAT HAG MONTHLY THINKS I'M HOT,	
02261	0CBE:Q:1	퀴즈	80	WHAT DID I DO ON THE COVER SHOT?	
02262	0CBE:Q:2	퀴즈	81	SAT ON MY BROOMSTICK	
02263	0CBE:Q:3	퀴즈	82	POSED IN MY LONGJOHNS	
02264	0CBE:Q:4	퀴즈	83	POLISHED MY CRYSTAL BALL	
02265	0CBF:Q:0	퀴즈	80	APART FROM DOING STUPID RHYMES,	
02266	0CBF:Q:1	퀴즈	80	WHAT'S ANOTHER OF MY PASTIMES?	
02267	0CBF:Q:2	퀴즈	81	COLLECTING DRAGON TEETH	
02268	0CBF:Q:3	퀴즈	82	BURSTING BOILS	
02269	0CBF:Q:4	퀴즈	83	FLYING RADIO CONTROLLED BATS	
02270	0CC0:Q:0	퀴즈	80	GRUNTY'S CUTE, SHE'S QUITE A DAME,	
02271	0CC0:Q:1	퀴즈	80	WHAT WAS MY FIRST BOYFRIEND'S NAME?	
02272	0CC0:Q:2	퀴즈	81	GREASY GRANT	
02273	0CC0:Q:3	퀴즈	82	DIRTY BERTY	
02274	0CC0:Q:4	퀴즈	83	UNDEAD ED	
02275	0CC1:Q:0	퀴즈	80	DON'T BE SMART, YOU'VE NOT WON YET,	
02276	0CC1:Q:1	퀴즈	80	WHEN I WAS SMALL WHAT WAS MY PET?	
02277	0CC1:Q:2	퀴즈	81	A BABY DRAGON	
02278	0CC1:Q:3	퀴즈	82	A GREASY WARTHOG	
02279	0CC1:Q:4	퀴즈	83	A MAD VULTURE	
02280	0CC2:Q:0	퀴즈	80	IT KEEPS ME SAFE AND FREE FROM HARM,	
02281	0CC2:Q:1	퀴즈	80	WHAT HAVE I AS A LUCKY CHARM?	
02282	0CC2:Q:2	퀴즈	81	A SHRUNKEN HEAD	
02283	0CC2:Q:3	퀴즈	82	A LOOGIE FILLED HANKY	
02284	0CC2:Q:4	퀴즈	83	A DRAGON'S FOOT	
02285	0CC3:Q:0	퀴즈	80	I LIKE A CUDDLE AND A FIGHT,	
02286	0CC3:Q:1	퀴즈	80	WHAT DO I TAKE TO BED AT NIGHT?	
02287	0CC3:Q:2	퀴즈	81	A SCARY TEDDY BEAR	
02288	0CC3:Q:3	퀴즈	82	A HUGE SWEATY BABOON	
02289	0CC3:Q:4	퀴즈	83	MY DIRTY UNDIES	
02290	0CC4:Q:0	퀴즈	80	ACROSS THE SKY I LOVE TO GLIDE,	
02291	0CC4:Q:1	퀴즈	80	WHAT TYPE OF BROOMSTICK DO I RIDE?	
02292	0CC4:Q:2	퀴즈	81	LARDMASTER 2000	
02293	0CC4:Q:3	퀴즈	82	ROUGH RIDER DELUXE	
02294	0CC4:Q:4	퀴즈	83	SUPER GUTLIFTER PRO	
02295	0CC5:Q:0	퀴즈	80	I'M NOT PRETTY, I'M QUITE A MESS,	
02296	0CC5:Q:1	퀴즈	80	WHAT DO I HIDE UNDER MY DRESS?	
02297	0CC5:Q:2	퀴즈	81	MASSIVE BLOOMERS	
02298	0CC5:Q:3	퀴즈	82	A FLEA CIRCUS	
02299	0CC5:Q:4	퀴즈	83	A REINFORCED GIRDLE	
02300	0CC6:Q:0	퀴즈	80	LET'S SEE IF YOUR MEMORY'S FOGGY,	
02301	0CC6:Q:1	퀴즈	80	WHAT'S THE NAME OF MY PET DOGGY?	
02302	0CC6:Q:2	퀴즈	81	LEGCHOMPER	
02303	0CC6:Q:3	퀴즈	82	RIPPER	
02304	0CC6:Q:4	퀴즈	83	BIGNACKA	
02305	0CC7:Q:0	퀴즈	80	YOU WANT TO HEAR US, I CAN TELL,	
02306	0CC7:Q:1	퀴즈	80	IN WHICH BAND DO I SING SO WELL?	
02307	0CC7:Q:2	퀴즈	81	GRUNTY AND THE MONSTER MOB	
02308	0CC7:Q:3	퀴즈	82	GRUNTY AND THE BROOMSTICK BOYS	
02309	0CC7:Q:4	퀴즈	83	GRUNTY AND THE CAULDRON CREW	
02310	C:12A90	UI		USE THE CONTROL STICK TO SELECT A GAME.	
02311	C:12AB8	UI		PRESS A TO PLAY THE GAME OR Z TO ERASE IT!	
02312	C:12AE4	UI		ARE YOU SURE? PRESS A TO CONFIRM, OR B TO CANCEL	
02313	C:12B1C	UI		GAME 	
02314	C:12B24	UI		: TIME 	
02315	C:12B34	UI		 JIGSAW	
02316	C:12B44	UI		 NOTE	
02317	C:12B5C	UI		GAME 	
02318	C:12B64	UI		: EMPTY	
02319	C:14FB0	UI		RETURN TO GAME	
02320	C:14FC0	UI		EXIT TO WITCH'S LAIR	
02321	C:14FD8	UI		VIEW TOTALS	
02322	C:14FE4	UI		SAVE AND QUIT	
02323	C:15034	UI		GAME TOTAL	
02324	C:15040	UI		SPIRAL MOUNTAIN	
02325	C:15050	UI		GRUNTILDA'S LAIR	
02326	C:15064	UI		MUMBO'S MOUNTAIN	
02327	C:15078	UI		TREASURE TROVE COVE	
02328	C:1508C	UI		CLANKER'S CAVERN	
02329	C:150A0	UI		BUBBLEGLOOP SWAMP	
02330	C:150B4	UI		FREEZEEZY PEAK	
02331	C:150C4	UI		GOBI'S VALLEY	
02332	C:150D4	UI		MAD MONSTER MANSION	
02333	C:150E8	UI		RUSTY BUCKET BAY	
02334	C:150FC	UI		CLICK CLOCK WOOD	
02335	C:15110	UI		STOP 'N' SWOP	
02336	C:15144	UI		ARE YOU SURE?	
02337	C:15154	UI		A - YES, B - NO	
02338	C:15420	UI		GRUNTILDA	
02339	C:1542C	UI		TOOTY	
02340	C:15434	UI		BOTTLES	
02341	C:1543C	UI		JINJO	
02342	C:15444	UI		MUMBO JUMBO	
02343	C:15450	UI		JU-JU	
02344	C:15458	UI		CONGA	
02345	C:15460	UI		CHIMPY	
02346	C:15468	UI		BRENTILDA	
02347	C:15474	UI		CAPTAIN BLUBBER	
02348	C:15484	UI		NIPPER	
02349	C:1548C	UI		CLANKER	
02350	C:15494	UI		TANKTUP	
02351	C:1549C	UI		MR. VILE	
02352	C:154A8	UI		TIPTUP	
02353	C:154B0	UI		BOGGY	
02354	C:154B8	UI		WOZZA	
02355	C:154C0	UI		TRUNKER	
02356	C:154C8	UI		GOBI	
02357	C:154D0	UI		RUBEE AND TOOTS	
02358	C:154E0	UI		NAPPER	
02359	C:154E8	UI		LOGGO	
02360	C:154F0	UI		SNORKEL	
02361	C:154F8	UI		GNAWTY	
02362	C:15500	UI		EYRIE	
02363	C:15508	UI		NABNUT	
02364	C:15510	UI		BANJO AND KAZOOIE	
02365	C:15524	UI		DINGPOT	
02366	C:1552C	UI		KLUNGO	
02367	C:15534	UI		TOPPER	
02368	C:1553C	UI		BAWL	
02369	C:15544	UI		COLLIWOBBLE	
02370	C:15550	UI		QUARRIE	
02371	C:15558	UI		GRUNTLING	
02372	C:15564	UI		TICKER	
02373	C:1556C	UI		BIGBUTT	
02374	C:15574	UI		GRUBLIN	
02375	C:1557C	UI		LEAKY	
02376	C:15584	UI		LOCKUP	
02377	C:1558C	UI		LITTLE LOCKUP	
02378	C:1559C	UI		YUM-YUM	
02379	C:155A4	UI		SNIPPET	
02380	C:155AC	UI		SHRAPNEL	
02381	C:155B8	UI		SNACKER	
02382	C:155C0	UI		GLOOP	
02383	C:155C8	UI		GRILLE CHOMPA	
02384	C:155D8	UI		MUTIE-SNIPPET	
02385	C:155E8	UI		WHIPLASH	
02386	C:155F4	UI		CROCTUS	
02387	C:155FC	UI		FLIBBIT	
02388	C:15604	UI		BUZZBOMB	
02389	C:15610	UI		THE TIPTUP CHOIR	
02390	C:15624	UI		GROGGY	
02391	C:1562C	UI		SOGGY	
02392	C:15634	UI		MOGGY	
02393	C:1563C	UI		THE TWINKLIES	
02394	C:1564C	UI		TWINKLY MUNCHER	
02395	C:1565C	UI		SIR SLUSH	
02396	C:15668	UI		CHINKER	
02397	C:15670	UI		JINXY	
02398	C:15678	UI		THE ANCIENT ONES	
02399	C:1568C	UI		GRABBA	
02400	C:15694	UI		SCABBY	
02401	C:1569C	UI		SLAPPA	
02402	C:156A4	UI		MUM-MUM	
02403	C:156AC	UI		HISTUP	
02404	C:156B4	UI		MOTZAND	
02405	C:156BC	UI		TUMBLAR	
02406	C:156C4	UI		PORTRAIT CHOMPA	
02407	C:156D4	UI		TEE-HEE	
02408	C:156DC	UI		LIMBO	
02409	C:156E4	UI		RIPPER	
02410	C:156EC	UI		NIBBLY	
02411	C:156F4	UI		BOOM BOX	
02412	C:15700	UI		BOSS BOOM BOX	
02413	C:15710	UI		GRIMLET	
02414	C:15718	UI		FLOTSAM	
02415	C:15720	UI		SEAMAN GRUBLIN	
02416	C:15730	UI		CHUMP	
02417	C:15738	UI		SNAREBEAR	
02418	C:15744	UI		BIG CLUCKER	
02419	C:15750	UI		THE ZUBBAS	
02420	C:1575C	UI		GRUBLIN HOOD	
02421	C:1576C	UI		WHIPCRACK	
02422	C:15778	UI		CHEATO	
